Abolitionism,https://www.veryshortintroductions.com/view/10.1093/actrade/9780190213220.001.0001/actrade-9780190213220?rskey=Ipb13c&result=1
The Abrahamic Religions,https://www.veryshortintroductions.com/view/10.1093/actrade/9780190654344.001.0001/actrade-9780190654344?rskey=Ipb13c&result=2
Accounting,https://www.veryshortintroductions.com/view/10.1093/actrade/9780199684311.001.0001/actrade-9780199684311?rskey=Ipb13c&result=3
Adam Smith,https://www.veryshortintroductions.com/view/10.1093/actrade/9780198784456.001.0001/actrade-9780198784456?rskey=Ipb13c&result=4
Adolescence,https://www.veryshortintroductions.com/view/10.1093/actrade/9780199665563.001.0001/actrade-9780199665563?rskey=Ipb13c&result=5
Advertising,https://www.veryshortintroductions.com/view/10.1093/actrade/9780199568925.001.0001/actrade-9780199568925?rskey=Ipb13c&result=6
Aesthetics,https://www.veryshortintroductions.com/view/10.1093/actrade/9780198826613.001.0001/actrade-9780198826613?rskey=Ipb13c&result=7
African American Religion,https://www.veryshortintroductions.com/view/10.1093/actrade/9780195182897.001.0001/actrade-9780195182897?rskey=Ipb13c&result=8
African History,https://www.veryshortintroductions.com/view/10.1093/actrade/9780192802484.001.0001/actrade-9780192802484?rskey=Ipb13c&result=9
African Politics,https://www.veryshortintroductions.com/view/10.1093/actrade/9780198806578.001.0001/actrade-9780198806578?rskey=Ipb13c&result=10
African Religions,https://www.veryshortintroductions.com/view/10.1093/actrade/9780199790586.001.0001/actrade-9780199790586?rskey=Ipb13c&result=11
Ageing,https://www.veryshortintroductions.com/view/10.1093/actrade/9780198725329.001.0001/actrade-9780198725329?rskey=Ipb13c&result=12
Agnosticism,https://www.veryshortintroductions.com/view/10.1093/actrade/9780199575268.001.0001/actrade-9780199575268?rskey=Ipb13c&result=13
Agriculture,https://www.veryshortintroductions.com/view/10.1093/actrade/9780198725961.001.0001/actrade-9780198725961?rskey=Ipb13c&result=14
Albert Camus,https://www.veryshortintroductions.com/view/10.1093/actrade/9780198792970.001.0001/actrade-9780198792970?rskey=Ipb13c&result=15
Alexander the Great,https://www.veryshortintroductions.com/view/10.1093/actrade/9780198706151.001.0001/actrade-9780198706151?rskey=Ipb13c&result=16
Algebra,https://www.veryshortintroductions.com/view/10.1093/actrade/9780198732822.001.0001/actrade-9780198732822?rskey=Ipb13c&result=17
American Cultural History,https://www.veryshortintroductions.com/view/10.1093/actrade/9780190200589.001.0001/actrade-9780190200589?rskey=Ipb13c&result=18
American Foreign Relations,https://www.veryshortintroductions.com/view/10.1093/actrade/9780199899395.001.0001/actrade-9780199899395?rskey=Ipb13c&result=19
American History,https://www.veryshortintroductions.com/view/10.1093/actrade/9780195389142.001.0001/actrade-9780195389142?rskey=Ipb13c&result=20
American Immigration,https://www.veryshortintroductions.com/view/10.1093/actrade/9780195331783.001.0001/actrade-9780195331783?rskey=Ipb13c&result=21
American Legal History,https://www.veryshortintroductions.com/view/10.1093/actrade/9780199766000.001.0001/actrade-9780199766000?rskey=Ipb13c&result=22
American Naval History,https://www.veryshortintroductions.com/view/10.1093/actrade/9780199394760.001.0001/actrade-9780199394760?rskey=Ipb13c&result=23
American Political Parties and Elections,https://www.veryshortintroductions.com/view/10.1093/actrade/9780190458164.001.0001/actrade-9780190458164?rskey=Ipb13c&result=24
American Politics,https://www.veryshortintroductions.com/view/10.1093/actrade/9780195373851.001.0001/actrade-9780195373851?rskey=Ipb13c&result=25
The American Presidency,https://www.veryshortintroductions.com/view/10.1093/actrade/9780190458201.001.0001/actrade-9780190458201?rskey=Ipb13c&result=26
The American Revolution,https://www.veryshortintroductions.com/view/10.1093/actrade/9780190225063.001.0001/actrade-9780190225063?rskey=Ipb13c&result=27
American Slavery,https://www.veryshortintroductions.com/view/10.1093/actrade/9780199922680.001.0001/actrade-9780199922680?rskey=Ipb13c&result=28
The American West,https://www.veryshortintroductions.com/view/10.1093/actrade/9780199858934.001.0001/actrade-9780199858934?rskey=Ipb13c&result=29
American Women's History,https://www.veryshortintroductions.com/view/10.1093/actrade/9780199328338.001.0001/actrade-9780199328338?rskey=Ipb13c&result=30
Anaesthesia,https://www.veryshortintroductions.com/view/10.1093/actrade/9780199584543.001.0001/actrade-9780199584543?rskey=Ipb13c&result=31
Analytic Philosophy,https://www.veryshortintroductions.com/view/10.1093/actrade/9780198778028.001.0001/actrade-9780198778028?rskey=Ipb13c&result=32
Anarchism,https://www.veryshortintroductions.com/view/10.1093/actrade/9780192804778.001.0001/actrade-9780192804778?rskey=Ipb13c&result=33
Ancient Assyria,https://www.veryshortintroductions.com/view/10.1093/actrade/9780198715900.001.0001/actrade-9780198715900?rskey=Ipb13c&result=34
Ancient Egypt,https://www.veryshortintroductions.com/view/10.1093/actrade/9780192854193.001.0001/actrade-9780192854193?rskey=Ipb13c&result=35
Ancient Egyptian Art and Architecture,https://www.veryshortintroductions.com/view/10.1093/actrade/9780199682782.001.0001/actrade-9780199682782?rskey=Ipb13c&result=36
Ancient Greece,https://www.veryshortintroductions.com/view/10.1093/actrade/9780199601349.001.0001/actrade-9780199601349?rskey=Ipb13c&result=37
The Ancient Near East,https://www.veryshortintroductions.com/view/10.1093/actrade/9780195377996.001.0001/actrade-9780195377996?rskey=Ipb13c&result=38
Ancient Philosophy,https://www.veryshortintroductions.com/view/10.1093/actrade/9780192853578.001.0001/actrade-9780192853578?rskey=Ipb13c&result=39
Ancient Warfare,https://www.veryshortintroductions.com/view/10.1093/actrade/9780192804709.001.0001/actrade-9780192804709?rskey=Ipb13c&result=40
Angels,https://www.veryshortintroductions.com/view/10.1093/actrade/9780199547302.001.0001/actrade-9780199547302?rskey=Ipb13c&result=41
Anglicanism,https://www.veryshortintroductions.com/view/10.1093/actrade/9780192806932.001.0001/actrade-9780192806932?rskey=Ipb13c&result=42
The Anglo-Saxon Age,https://www.veryshortintroductions.com/view/10.1093/actrade/9780192854032.001.0001/actrade-9780192854032?rskey=Ipb13c&result=43
Animal Behaviour,https://www.veryshortintroductions.com/view/10.1093/actrade/9780198712152.001.0001/actrade-9780198712152?rskey=Ipb13c&result=44
The Animal Kingdom,https://www.veryshortintroductions.com/view/10.1093/actrade/9780199593217.001.0001/actrade-9780199593217?rskey=Ipb13c&result=45
Animal Rights,https://www.veryshortintroductions.com/view/10.1093/actrade/9780192853608.001.0001/actrade-9780192853608?rskey=Ipb13c&result=46
The Antarctic,https://www.veryshortintroductions.com/view/10.1093/actrade/9780199697687.001.0001/actrade-9780199697687?rskey=Ipb13c&result=47
Anthropocene,https://www.veryshortintroductions.com/view/10.1093/actrade/9780198792987.001.0001/actrade-9780198792987?rskey=Ipb13c&result=48
Antisemitism,https://www.veryshortintroductions.com/view/10.1093/actrade/9780198724834.001.0001/actrade-9780198724834?rskey=Ipb13c&result=49
Anxiety,https://www.veryshortintroductions.com/view/10.1093/actrade/9780199567157.001.0001/actrade-9780199567157?rskey=Ipb13c&result=50
The Apocryphal Gospels,https://www.veryshortintroductions.com/view/10.1093/actrade/9780199236947.001.0001/actrade-9780199236947?rskey=Ipb13c&result=51
Applied Mathematics,https://www.veryshortintroductions.com/view/10.1093/actrade/9780198754046.001.0001/actrade-9780198754046?rskey=Ipb13c&result=52
Thomas Aquinas,https://www.veryshortintroductions.com/view/10.1093/actrade/9780199556649.001.0001/actrade-9780199556649?rskey=Ipb13c&result=53
Archaeology,https://www.veryshortintroductions.com/view/10.1093/actrade/9780199657438.001.0001/actrade-9780199657438?rskey=Ipb13c&result=54
Architecture,https://www.veryshortintroductions.com/view/10.1093/actrade/9780192801791.001.0001/actrade-9780192801791?rskey=Ipb13c&result=55
Aristocracy,https://www.veryshortintroductions.com/view/10.1093/actrade/9780199206780.001.0001/actrade-9780199206780?rskey=Ipb13c&result=56
Aristotle,https://www.veryshortintroductions.com/view/10.1093/actrade/9780192854087.001.0001/actrade-9780192854087?rskey=Ipb13c&result=57
Art History,https://www.veryshortintroductions.com/view/10.1093/actrade/9780198831808.001.0001/actrade-9780198831808?rskey=Ipb13c&result=58
Art Theory,https://www.veryshortintroductions.com/view/10.1093/actrade/9780192804631.001.0001/actrade-9780192804631?rskey=Ipb13c&result=59
Artificial Intelligence,https://www.veryshortintroductions.com/view/10.1093/actrade/9780199602919.001.0001/actrade-9780199602919?rskey=Ipb13c&result=60
Asian American History,https://www.veryshortintroductions.com/view/10.1093/actrade/9780190219765.001.0001/actrade-9780190219765?rskey=Ipb13c&result=61
Astrobiology,https://www.veryshortintroductions.com/view/10.1093/actrade/9780199586455.001.0001/actrade-9780199586455?rskey=Ipb13c&result=62
Astrophysics,https://www.veryshortintroductions.com/view/10.1093/actrade/9780198752851.001.0001/actrade-9780198752851?rskey=Ipb13c&result=63
Atheism,https://www.veryshortintroductions.com/view/10.1093/actrade/9780192804242.001.0001/actrade-9780192804242?rskey=Ipb13c&result=64
The Atmosphere,https://www.veryshortintroductions.com/view/10.1093/actrade/9780198722038.001.0001/actrade-9780198722038?rskey=Ipb13c&result=65
Augustine,https://www.veryshortintroductions.com/view/10.1093/actrade/9780192854520.001.0001/actrade-9780192854520?rskey=Ipb13c&result=66
Australia,https://www.veryshortintroductions.com/view/10.1093/actrade/9780199589937.001.0001/actrade-9780199589937?rskey=Ipb13c&result=67
Autism,https://www.veryshortintroductions.com/view/10.1093/actrade/9780199207565.001.0001/actrade-9780199207565?rskey=Ipb13c&result=68
Autobiography,https://www.veryshortintroductions.com/view/10.1093/actrade/9780199669240.001.0001/actrade-9780199669240?rskey=Ipb13c&result=69
The Avant Garde,https://www.veryshortintroductions.com/view/10.1093/actrade/9780199582730.001.0001/actrade-9780199582730?rskey=Ipb13c&result=70
The Aztecs,https://www.veryshortintroductions.com/view/10.1093/actrade/9780195379389.001.0001/actrade-9780195379389?rskey=Ipb13c&result=71
Babylonia,https://www.veryshortintroductions.com/view/10.1093/actrade/9780198726470.001.0001/actrade-9780198726470?rskey=Ipb13c&result=72
Bacteria,https://www.veryshortintroductions.com/view/10.1093/actrade/9780199578764.001.0001/actrade-9780199578764?rskey=Ipb13c&result=73
Banking,https://www.veryshortintroductions.com/view/10.1093/actrade/9780199688920.001.0001/actrade-9780199688920?rskey=Ipb13c&result=74
Barthes,https://www.veryshortintroductions.com/view/10.1093/actrade/9780192801593.001.0001/actrade-9780192801593?rskey=Ipb13c&result=75
The Beats,https://www.veryshortintroductions.com/view/10.1093/actrade/9780199796779.001.0001/actrade-9780199796779?rskey=Ipb13c&result=76
Beauty,https://www.veryshortintroductions.com/view/10.1093/actrade/9780199229758.001.0001/actrade-9780199229758?rskey=Ipb13c&result=77
Behavioural Economics,https://www.veryshortintroductions.com/view/10.1093/actrade/9780198754992.001.0001/actrade-9780198754992?rskey=Ipb13c&result=78
Bestsellers,https://www.veryshortintroductions.com/view/10.1093/actrade/9780199214891.001.0001/actrade-9780199214891?rskey=Ipb13c&result=79
The Bible,https://www.veryshortintroductions.com/view/10.1093/actrade/9780192853431.001.0001/actrade-9780192853431?rskey=Ipb13c&result=80
Biblical Archaeology,https://www.veryshortintroductions.com/view/10.1093/actrade/9780195342635.001.0001/actrade-9780195342635?rskey=Ipb13c&result=81
Big Data,https://www.veryshortintroductions.com/view/10.1093/actrade/9780198779575.001.0001/actrade-9780198779575?rskey=Ipb13c&result=82
Biography,https://www.veryshortintroductions.com/view/10.1093/actrade/9780199533541.001.0001/actrade-9780199533541?rskey=Ipb13c&result=83
Biometrics,https://www.veryshortintroductions.com/view/10.1093/actrade/9780198809104.001.0001/actrade-9780198809104?rskey=Ipb13c&result=84
Black Holes,https://www.veryshortintroductions.com/view/10.1093/actrade/9780199602667.001.0001/actrade-9780199602667?rskey=Ipb13c&result=85
Blood,https://www.veryshortintroductions.com/view/10.1093/actrade/9780199581450.001.0001/actrade-9780199581450?rskey=Ipb13c&result=86
The Blues,https://www.veryshortintroductions.com/view/10.1093/actrade/9780195398939.001.0001/actrade-9780195398939?rskey=Ipb13c&result=87
The Body,https://www.veryshortintroductions.com/view/10.1093/actrade/9780198739036.001.0001/actrade-9780198739036?rskey=Ipb13c&result=88
Niels Bohr,https://www.veryshortintroductions.com/view/10.1093/actrade/9780198819264.001.0001/actrade-9780198819264?rskey=Ipb13c&result=89
The Book of Common Prayer,https://www.veryshortintroductions.com/view/10.1093/actrade/9780198803928.001.0001/actrade-9780198803928?rskey=Ipb13c&result=90
The Book of Mormon,https://www.veryshortintroductions.com/view/10.1093/actrade/9780195369311.001.0001/actrade-9780195369311?rskey=Ipb13c&result=91
Borders,https://www.veryshortintroductions.com/view/10.1093/actrade/9780199731503.001.0001/actrade-9780199731503?rskey=Ipb13c&result=92
The Brain,https://www.veryshortintroductions.com/view/10.1093/actrade/9780192853929.001.0001/actrade-9780192853929?rskey=Ipb13c&result=93
Branding,https://www.veryshortintroductions.com/view/10.1093/actrade/9780198749912.001.0001/actrade-9780198749912?rskey=Ipb13c&result=94
The BRICS,https://www.veryshortintroductions.com/view/10.1093/actrade/9780198723394.001.0001/actrade-9780198723394?rskey=Ipb13c&result=95
The British Constitution,https://www.veryshortintroductions.com/view/10.1093/actrade/9780199697694.001.0001/actrade-9780199697694?rskey=Ipb13c&result=96
The British Empire,https://www.veryshortintroductions.com/view/10.1093/actrade/9780199605415.001.0001/actrade-9780199605415?rskey=Ipb13c&result=97
British Politics,https://www.veryshortintroductions.com/view/10.1093/actrade/9780199661107.001.0001/actrade-9780199661107?rskey=Ipb13c&result=98
Buddha,https://www.veryshortintroductions.com/view/10.1093/actrade/9780192854537.001.0001/actrade-9780192854537?rskey=Ipb13c&result=99
Buddhism,https://www.veryshortintroductions.com/view/10.1093/actrade/9780199663835.001.0001/actrade-9780199663835?rskey=Ipb13c&result=100
Buddhist Ethics,https://www.veryshortintroductions.com/view/10.1093/actrade/9780192804570.001.0001/actrade-9780192804570?rskey=tEfRZ0&result=101
Byzantium,https://www.veryshortintroductions.com/view/10.1093/actrade/9780199236114.001.0001/actrade-9780199236114?rskey=tEfRZ0&result=102
C. S. Lewis,https://www.veryshortintroductions.com/view/10.1093/actrade/9780198828242.001.0001/actrade-9780198828242?rskey=tEfRZ0&result=103
Calvinism,https://www.veryshortintroductions.com/view/10.1093/actrade/9780198753711.001.0001/actrade-9780198753711?rskey=tEfRZ0&result=104
Cancer,https://www.veryshortintroductions.com/view/10.1093/actrade/9780199560233.001.0001/actrade-9780199560233?rskey=tEfRZ0&result=105
Capitalism,https://www.veryshortintroductions.com/view/10.1093/actrade/9780198726074.001.0001/actrade-9780198726074?rskey=tEfRZ0&result=106
Global Catastrophes,https://www.veryshortintroductions.com/view/10.1093/actrade/9780198715931.001.0001/actrade-9780198715931?rskey=tEfRZ0&result=107
Catholicism,https://www.veryshortintroductions.com/view/10.1093/actrade/9780198796855.001.0001/actrade-9780198796855?rskey=tEfRZ0&result=108
Causation,https://www.veryshortintroductions.com/view/10.1093/actrade/9780199684434.001.0001/actrade-9780199684434?rskey=tEfRZ0&result=109
The Cell,https://www.veryshortintroductions.com/view/10.1093/actrade/9780199578757.001.0001/actrade-9780199578757?rskey=tEfRZ0&result=110
The Celts,https://www.veryshortintroductions.com/view/10.1093/actrade/9780192804181.001.0001/actrade-9780192804181?rskey=tEfRZ0&result=111
Chaos,https://www.veryshortintroductions.com/view/10.1093/actrade/9780192853783.001.0001/actrade-9780192853783?rskey=tEfRZ0&result=112
Charles Dickens,https://www.veryshortintroductions.com/view/10.1093/actrade/9780198714996.001.0001/actrade-9780198714996?rskey=tEfRZ0&result=113
Child Psychology,https://www.veryshortintroductions.com/view/10.1093/actrade/9780199646593.001.0001/actrade-9780199646593?rskey=tEfRZ0&result=114
Children's Literature,https://www.veryshortintroductions.com/view/10.1093/actrade/9780199560240.001.0001/actrade-9780199560240?rskey=tEfRZ0&result=115
Chinese Literature,https://www.veryshortintroductions.com/view/10.1093/actrade/9780195392067.001.0001/actrade-9780195392067?rskey=tEfRZ0&result=116
Choice Theory,https://www.veryshortintroductions.com/view/10.1093/actrade/9780192803030.001.0001/actrade-9780192803030?rskey=tEfRZ0&result=117
Christian Art,https://www.veryshortintroductions.com/view/10.1093/actrade/9780192803283.001.0001/actrade-9780192803283?rskey=tEfRZ0&result=118
Christian Ethics,https://www.veryshortintroductions.com/view/10.1093/actrade/9780199568864.001.0001/actrade-9780199568864?rskey=tEfRZ0&result=119
Christianity,https://www.veryshortintroductions.com/view/10.1093/actrade/9780199687749.001.0001/actrade-9780199687749?rskey=tEfRZ0&result=120
Circadian Rhythms,https://www.veryshortintroductions.com/view/10.1093/actrade/9780198717683.001.0001/actrade-9780198717683?rskey=tEfRZ0&result=121
Citizenship,https://www.veryshortintroductions.com/view/10.1093/actrade/9780192802538.001.0001/actrade-9780192802538?rskey=tEfRZ0&result=122
Civil Engineering,https://www.veryshortintroductions.com/view/10.1093/actrade/9780199578634.001.0001/actrade-9780199578634?rskey=tEfRZ0&result=123
Classical Literature,https://www.veryshortintroductions.com/view/10.1093/actrade/9780199665457.001.0001/actrade-9780199665457?rskey=tEfRZ0&result=124
Classical Mythology,https://www.veryshortintroductions.com/view/10.1093/actrade/9780192804761.001.0001/actrade-9780192804761?rskey=tEfRZ0&result=125
Classics,https://www.veryshortintroductions.com/view/10.1093/actrade/9780192853851.001.0001/actrade-9780192853851?rskey=tEfRZ0&result=126
Clausewitz,https://www.veryshortintroductions.com/view/10.1093/actrade/9780192802576.001.0001/actrade-9780192802576?rskey=tEfRZ0&result=127
Climate,https://www.veryshortintroductions.com/view/10.1093/actrade/9780199641130.001.0001/actrade-9780199641130?rskey=tEfRZ0&result=128
Climate Change,https://www.veryshortintroductions.com/view/10.1093/actrade/9780198719045.001.0001/actrade-9780198719045?rskey=tEfRZ0&result=129
Clinical Psychology,https://www.veryshortintroductions.com/view/10.1093/actrade/9780198753896.001.0001/actrade-9780198753896?rskey=tEfRZ0&result=130
Cognitive Neuroscience,https://www.veryshortintroductions.com/view/10.1093/actrade/9780198786221.001.0001/actrade-9780198786221?rskey=tEfRZ0&result=131
The Cold War,https://www.veryshortintroductions.com/view/10.1093/actrade/9780192801784.001.0001/actrade-9780192801784?rskey=tEfRZ0&result=132
Colonial America,https://www.veryshortintroductions.com/view/10.1093/actrade/9780199766239.001.0001/actrade-9780199766239?rskey=tEfRZ0&result=133
Colonial Latin American Literature,https://www.veryshortintroductions.com/view/10.1093/actrade/9780199755028.001.0001/actrade-9780199755028?rskey=tEfRZ0&result=134
Combinatorics,https://www.veryshortintroductions.com/view/10.1093/actrade/9780198723493.001.0001/actrade-9780198723493?rskey=tEfRZ0&result=135
Comedy,https://www.veryshortintroductions.com/view/10.1093/actrade/9780199601714.001.0001/actrade-9780199601714?rskey=tEfRZ0&result=136
Communism,https://www.veryshortintroductions.com/view/10.1093/actrade/9780199551545.001.0001/actrade-9780199551545?rskey=tEfRZ0&result=137
Comparative Literature,https://www.veryshortintroductions.com/view/10.1093/actrade/9780198807278.001.0001/actrade-9780198807278?rskey=tEfRZ0&result=138
Complexity,https://www.veryshortintroductions.com/view/10.1093/actrade/9780199662548.001.0001/actrade-9780199662548?rskey=tEfRZ0&result=139
The Computer,https://www.veryshortintroductions.com/view/10.1093/actrade/9780199586592.001.0001/actrade-9780199586592?rskey=tEfRZ0&result=140
Computer Science,https://www.veryshortintroductions.com/view/10.1093/actrade/9780198733461.001.0001/actrade-9780198733461?rskey=tEfRZ0&result=141
Concentration Camps,https://www.veryshortintroductions.com/view/10.1093/actrade/9780198723387.001.0001/actrade-9780198723387?rskey=tEfRZ0&result=142
Confucianism,https://www.veryshortintroductions.com/view/10.1093/actrade/9780195398915.001.0001/actrade-9780195398915?rskey=tEfRZ0&result=143
The Conquistadors,https://www.veryshortintroductions.com/view/10.1093/actrade/9780195392296.001.0001/actrade-9780195392296?rskey=tEfRZ0&result=144
Conscience,https://www.veryshortintroductions.com/view/10.1093/actrade/9780199569694.001.0001/actrade-9780199569694?rskey=tEfRZ0&result=145
Consciousness,https://www.veryshortintroductions.com/view/10.1093/actrade/9780198794738.001.0001/actrade-9780198794738?rskey=tEfRZ0&result=146
Contemporary Art,https://www.veryshortintroductions.com/view/10.1093/actrade/9780192806468.001.0001/actrade-9780192806468?rskey=tEfRZ0&result=147
Contemporary Fiction,https://www.veryshortintroductions.com/view/10.1093/actrade/9780199609260.001.0001/actrade-9780199609260?rskey=tEfRZ0&result=148
Continental Philosophy,https://www.veryshortintroductions.com/view/10.1093/actrade/9780192853592.001.0001/actrade-9780192853592?rskey=tEfRZ0&result=149
Copernicus,https://www.veryshortintroductions.com/view/10.1093/actrade/9780199330966.001.0001/actrade-9780199330966?rskey=tEfRZ0&result=150
Coral Reefs,https://www.veryshortintroductions.com/view/10.1093/actrade/9780199682775.001.0001/actrade-9780199682775?rskey=tEfRZ0&result=151
Corporate Social Responsibility,https://www.veryshortintroductions.com/view/10.1093/actrade/9780199671816.001.0001/actrade-9780199671816?rskey=tEfRZ0&result=152
Corruption,https://www.veryshortintroductions.com/view/10.1093/actrade/9780199689699.001.0001/actrade-9780199689699?rskey=tEfRZ0&result=153
Cosmology,https://www.veryshortintroductions.com/view/10.1093/actrade/9780192854162.001.0001/actrade-9780192854162?rskey=tEfRZ0&result=154
Country Music,https://www.veryshortintroductions.com/view/10.1093/actrade/9780190902841.001.0001/actrade-9780190902841?rskey=tEfRZ0&result=155
Crime Fiction,https://www.veryshortintroductions.com/view/10.1093/actrade/9780199658787.001.0001/actrade-9780199658787?rskey=tEfRZ0&result=156
Criminal Justice,https://www.veryshortintroductions.com/view/10.1093/actrade/9780198716495.001.0001/actrade-9780198716495?rskey=tEfRZ0&result=157
Criminology,https://www.veryshortintroductions.com/view/10.1093/actrade/9780199643257.001.0001/actrade-9780199643257?rskey=tEfRZ0&result=158
Critical Theory,https://www.veryshortintroductions.com/view/10.1093/actrade/9780190692674.001.0001/actrade-9780190692674?rskey=tEfRZ0&result=159
The Crusades,https://www.veryshortintroductions.com/view/10.1093/actrade/9780192806550.001.0001/actrade-9780192806550?rskey=tEfRZ0&result=160
Cryptography,https://www.veryshortintroductions.com/view/10.1093/actrade/9780192803153.001.0001/actrade-9780192803153?rskey=tEfRZ0&result=161
Crystallography,https://www.veryshortintroductions.com/view/10.1093/actrade/9780198717591.001.0001/actrade-9780198717591?rskey=tEfRZ0&result=162
The Cultural Revolution,https://www.veryshortintroductions.com/view/10.1093/actrade/9780199740550.001.0001/actrade-9780199740550?rskey=tEfRZ0&result=163
Dada and Surrealism,https://www.veryshortintroductions.com/view/10.1093/actrade/9780192802545.001.0001/actrade-9780192802545?rskey=tEfRZ0&result=164
Dante,https://www.veryshortintroductions.com/view/10.1093/actrade/9780199684779.001.0001/actrade-9780199684779?rskey=tEfRZ0&result=165
Darwin,https://www.veryshortintroductions.com/view/10.1093/actrade/9780192854544.001.0001/actrade-9780192854544?rskey=tEfRZ0&result=166
The Dead Sea Scrolls,https://www.veryshortintroductions.com/view/10.1093/actrade/9780198779520.001.0001/actrade-9780198779520?rskey=tEfRZ0&result=167
Decadence,https://www.veryshortintroductions.com/view/10.1093/actrade/9780190610227.001.0001/actrade-9780190610227?rskey=tEfRZ0&result=168
Decolonization,https://www.veryshortintroductions.com/view/10.1093/actrade/9780199340491.001.0001/actrade-9780199340491?rskey=tEfRZ0&result=169
Democracy,https://www.veryshortintroductions.com/view/10.1093/actrade/9780192802507.001.0001/actrade-9780192802507?rskey=tEfRZ0&result=170
Demography,https://www.veryshortintroductions.com/view/10.1093/actrade/9780198725732.001.0001/actrade-9780198725732?rskey=tEfRZ0&result=171
Depression,https://www.veryshortintroductions.com/view/10.1093/actrade/9780199558650.001.0001/actrade-9780199558650?rskey=tEfRZ0&result=172
Derrida,https://www.veryshortintroductions.com/view/10.1093/actrade/9780192803450.001.0001/actrade-9780192803450?rskey=tEfRZ0&result=173
Descartes,https://www.veryshortintroductions.com/view/10.1093/actrade/9780192854094.001.0001/actrade-9780192854094?rskey=tEfRZ0&result=174
Deserts,https://www.veryshortintroductions.com/view/10.1093/actrade/9780199564309.001.0001/actrade-9780199564309?rskey=tEfRZ0&result=175
Design,https://www.veryshortintroductions.com/view/10.1093/actrade/9780192854469.001.0001/actrade-9780192854469?rskey=tEfRZ0&result=176
Development,https://www.veryshortintroductions.com/view/10.1093/actrade/9780198736257.001.0001/actrade-9780198736257?rskey=tEfRZ0&result=177
Developmental Biology,https://www.veryshortintroductions.com/view/10.1093/actrade/9780199601196.001.0001/actrade-9780199601196?rskey=tEfRZ0&result=178
The Devil,https://www.veryshortintroductions.com/view/10.1093/actrade/9780199580996.001.0001/actrade-9780199580996?rskey=tEfRZ0&result=179
Diaspora,https://www.veryshortintroductions.com/view/10.1093/actrade/9780199858583.001.0001/actrade-9780199858583?rskey=tEfRZ0&result=180
Dictionaries,https://www.veryshortintroductions.com/view/10.1093/actrade/9780199573790.001.0001/actrade-9780199573790?rskey=tEfRZ0&result=181
Dinosaurs,https://www.veryshortintroductions.com/view/10.1093/actrade/9780198795926.001.0001/actrade-9780198795926?rskey=tEfRZ0&result=182
Diplomacy,https://www.veryshortintroductions.com/view/10.1093/actrade/9780199588503.001.0001/actrade-9780199588503?rskey=tEfRZ0&result=183
Documentary Film,https://www.veryshortintroductions.com/view/10.1093/actrade/9780195182705.001.0001/actrade-9780195182705?rskey=tEfRZ0&result=184
Dreaming,https://www.veryshortintroductions.com/view/10.1093/actrade/9780192802156.001.0001/actrade-9780192802156?rskey=tEfRZ0&result=185
Drugs,https://www.veryshortintroductions.com/view/10.1093/actrade/9780198745792.001.0001/actrade-9780198745792?rskey=tEfRZ0&result=186
Druids,https://www.veryshortintroductions.com/view/10.1093/actrade/9780199539406.001.0001/actrade-9780199539406?rskey=tEfRZ0&result=187
Dynasty,https://www.veryshortintroductions.com/view/10.1093/actrade/9780198809081.001.0001/actrade-9780198809081?rskey=tEfRZ0&result=188
Dyslexia,https://www.veryshortintroductions.com/view/10.1093/actrade/9780198818304.001.0001/actrade-9780198818304?rskey=tEfRZ0&result=189
Early Music,https://www.veryshortintroductions.com/view/10.1093/actrade/9780199730766.001.0001/actrade-9780199730766?rskey=tEfRZ0&result=190
The Earth,https://www.veryshortintroductions.com/view/10.1093/actrade/9780192803078.001.0001/actrade-9780192803078?rskey=tEfRZ0&result=191
Earth System Science,https://www.veryshortintroductions.com/view/10.1093/actrade/9780198718871.001.0001/actrade-9780198718871?rskey=tEfRZ0&result=192
Economics,https://www.veryshortintroductions.com/view/10.1093/actrade/9780192853455.001.0001/actrade-9780192853455?rskey=tEfRZ0&result=193
Education,https://www.veryshortintroductions.com/view/10.1093/actrade/9780199643264.001.0001/actrade-9780199643264?rskey=tEfRZ0&result=194
Egyptian Myth,https://www.veryshortintroductions.com/view/10.1093/actrade/9780192803467.001.0001/actrade-9780192803467?rskey=tEfRZ0&result=195
Eighteenth-Century Britain,https://www.veryshortintroductions.com/view/10.1093/actrade/9780192853998.001.0001/actrade-9780192853998?rskey=tEfRZ0&result=196
The Elements,https://www.veryshortintroductions.com/view/10.1093/actrade/9780192840998.001.0001/actrade-9780192840998?rskey=tEfRZ0&result=197
Emotion,https://www.veryshortintroductions.com/view/10.1093/actrade/9780198834403.001.0001/actrade-9780198834403?rskey=tEfRZ0&result=198
Empire,https://www.veryshortintroductions.com/view/10.1093/actrade/9780192802231.001.0001/actrade-9780192802231?rskey=tEfRZ0&result=199
Energy Systems,https://www.veryshortintroductions.com/view/10.1093/actrade/9780198813927.001.0001/actrade-9780198813927?rskey=tEfRZ0&result=200
Engels,https://www.veryshortintroductions.com/view/10.1093/actrade/9780192804662.001.0001/actrade-9780192804662?rskey=iZB2uH&result=201
Engineering,https://www.veryshortintroductions.com/view/10.1093/actrade/9780199578696.001.0001/actrade-9780199578696?rskey=iZB2uH&result=202
The English Language,https://www.veryshortintroductions.com/view/10.1093/actrade/9780198709251.001.0001/actrade-9780198709251?rskey=iZB2uH&result=203
English Literature,https://www.veryshortintroductions.com/view/10.1093/actrade/9780199569267.001.0001/actrade-9780199569267?rskey=iZB2uH&result=204
The Enlightenment,https://www.veryshortintroductions.com/view/10.1093/actrade/9780199591787.001.0001/actrade-9780199591787?rskey=iZB2uH&result=205
Entrepreneurship,https://www.veryshortintroductions.com/view/10.1093/actrade/9780199670543.001.0001/actrade-9780199670543?rskey=iZB2uH&result=206
Environmental Economics,https://www.veryshortintroductions.com/view/10.1093/actrade/9780199583584.001.0001/actrade-9780199583584?rskey=iZB2uH&result=207
Environmental Ethics,https://www.veryshortintroductions.com/view/10.1093/actrade/9780198797166.001.0001/actrade-9780198797166?rskey=iZB2uH&result=208
Environmental Law,https://www.veryshortintroductions.com/view/10.1093/actrade/9780198794189.001.0001/actrade-9780198794189?rskey=iZB2uH&result=209
Environmental Politics,https://www.veryshortintroductions.com/view/10.1093/actrade/9780199665570.001.0001/actrade-9780199665570?rskey=iZB2uH&result=210
Epicureanism,https://www.veryshortintroductions.com/view/10.1093/actrade/9780199688326.001.0001/actrade-9780199688326?rskey=iZB2uH&result=211
Epidemiology,https://www.veryshortintroductions.com/view/10.1093/actrade/9780199543335.001.0001/actrade-9780199543335?rskey=iZB2uH&result=212
Ethics,https://www.veryshortintroductions.com/view/10.1093/actrade/9780192804426.001.0001/actrade-9780192804426?rskey=iZB2uH&result=213
Ethnomusicology,https://www.veryshortintroductions.com/view/10.1093/actrade/9780199794379.001.0001/actrade-9780199794379?rskey=iZB2uH&result=214
The Etruscans,https://www.veryshortintroductions.com/view/10.1093/actrade/9780199547913.001.0001/actrade-9780199547913?rskey=iZB2uH&result=215
Eugenics,https://www.veryshortintroductions.com/view/10.1093/actrade/9780199385904.001.0001/actrade-9780199385904?rskey=iZB2uH&result=216
The European Union,https://www.veryshortintroductions.com/view/10.1093/actrade/9780198808855.001.0001/actrade-9780198808855?rskey=iZB2uH&result=217
European Union Law,https://www.veryshortintroductions.com/view/10.1093/actrade/9780198749981.001.0001/actrade-9780198749981?rskey=iZB2uH&result=218
Evolution,https://www.veryshortintroductions.com/view/10.1093/actrade/9780198804369.001.0001/actrade-9780198804369?rskey=iZB2uH&result=219
Existentialism,https://www.veryshortintroductions.com/view/10.1093/actrade/9780192804280.001.0001/actrade-9780192804280?rskey=iZB2uH&result=220
Exploration,https://www.veryshortintroductions.com/view/10.1093/actrade/9780199946952.001.0001/actrade-9780199946952?rskey=iZB2uH&result=221
Extinction,https://www.veryshortintroductions.com/view/10.1093/actrade/9780198807285.001.0001/actrade-9780198807285?rskey=iZB2uH&result=222
The Eye,https://www.veryshortintroductions.com/view/10.1093/actrade/9780199680306.001.0001/actrade-9780199680306?rskey=iZB2uH&result=223
Fairy Tale,https://www.veryshortintroductions.com/view/10.1093/actrade/9780199532155.001.0001/actrade-9780199532155?rskey=iZB2uH&result=224
Family Law,https://www.veryshortintroductions.com/view/10.1093/actrade/9780199668526.001.0001/actrade-9780199668526?rskey=iZB2uH&result=225
Fascism,https://www.veryshortintroductions.com/view/10.1093/actrade/9780199685363.001.0001/actrade-9780199685363?rskey=iZB2uH&result=226
Fashion,https://www.veryshortintroductions.com/view/10.1093/actrade/9780199547906.001.0001/actrade-9780199547906?rskey=iZB2uH&result=227
Federalism,https://www.veryshortintroductions.com/view/10.1093/actrade/9780190900052.001.0001/actrade-9780190900052?rskey=iZB2uH&result=228
Feminism,https://www.veryshortintroductions.com/view/10.1093/actrade/9780192805102.001.0001/actrade-9780192805102?rskey=iZB2uH&result=229
Film,https://www.veryshortintroductions.com/view/10.1093/actrade/9780192803535.001.0001/actrade-9780192803535?rskey=iZB2uH&result=230
Film Music,https://www.veryshortintroductions.com/view/10.1093/actrade/9780195370874.001.0001/actrade-9780195370874?rskey=iZB2uH&result=231
Film Noir,https://www.veryshortintroductions.com/view/10.1093/actrade/9780198791744.001.0001/actrade-9780198791744?rskey=iZB2uH&result=232
The First World War,https://www.veryshortintroductions.com/view/10.1093/actrade/9780199205592.001.0001/actrade-9780199205592?rskey=iZB2uH&result=233
Folk Music,https://www.veryshortintroductions.com/view/10.1093/actrade/9780195395020.001.0001/actrade-9780195395020?rskey=iZB2uH&result=234
Food,https://www.veryshortintroductions.com/view/10.1093/actrade/9780199661084.001.0001/actrade-9780199661084?rskey=iZB2uH&result=235
Forensic Psychology,https://www.veryshortintroductions.com/view/10.1093/actrade/9780199550203.001.0001/actrade-9780199550203?rskey=iZB2uH&result=236
Forensic Science,https://www.veryshortintroductions.com/view/10.1093/actrade/9780198834410.001.0001/actrade-9780198834410?rskey=iZB2uH&result=237
Forests,https://www.veryshortintroductions.com/view/10.1093/actrade/9780198706175.001.0001/actrade-9780198706175?rskey=iZB2uH&result=238
Fossils,https://www.veryshortintroductions.com/view/10.1093/actrade/9780192805041.001.0001/actrade-9780192805041?rskey=iZB2uH&result=239
Foucault,https://www.veryshortintroductions.com/view/10.1093/actrade/9780198830788.001.0001/actrade-9780198830788?rskey=iZB2uH&result=240
The Founding Fathers,https://www.veryshortintroductions.com/view/10.1093/actrade/9780190273514.001.0001/actrade-9780190273514?rskey=iZB2uH&result=241
Fractals,https://www.veryshortintroductions.com/view/10.1093/actrade/9780199675982.001.0001/actrade-9780199675982?rskey=iZB2uH&result=242
Free Speech,https://www.veryshortintroductions.com/view/10.1093/actrade/9780199232352.001.0001/actrade-9780199232352?rskey=iZB2uH&result=243
Free Will,https://www.veryshortintroductions.com/view/10.1093/actrade/9780192853585.001.0001/actrade-9780192853585?rskey=iZB2uH&result=244
Freemasonry,https://www.veryshortintroductions.com/view/10.1093/actrade/9780198796275.001.0001/actrade-9780198796275?rskey=iZB2uH&result=245
French Literature,https://www.veryshortintroductions.com/view/10.1093/actrade/9780199568727.001.0001/actrade-9780199568727?rskey=iZB2uH&result=246
The French Revolution,https://www.veryshortintroductions.com/view/10.1093/actrade/9780198840077.001.0001/actrade-9780198840077?rskey=iZB2uH&result=247
Freud,https://www.veryshortintroductions.com/view/10.1093/actrade/9780192854551.001.0001/actrade-9780192854551?rskey=iZB2uH&result=248
Fundamentalism,https://www.veryshortintroductions.com/view/10.1093/actrade/9780199212705.001.0001/actrade-9780199212705?rskey=iZB2uH&result=249
Fungi,https://www.veryshortintroductions.com/view/10.1093/actrade/9780199688784.001.0001/actrade-9780199688784?rskey=iZB2uH&result=250
The Future,https://www.veryshortintroductions.com/view/10.1093/actrade/9780198735281.001.0001/actrade-9780198735281?rskey=iZB2uH&result=251
Galaxies,https://www.veryshortintroductions.com/view/10.1093/actrade/9780199234349.001.0001/actrade-9780199234349?rskey=iZB2uH&result=252
Galileo,https://www.veryshortintroductions.com/view/10.1093/actrade/9780192854568.001.0001/actrade-9780192854568?rskey=iZB2uH&result=253
Game Theory,https://www.veryshortintroductions.com/view/10.1093/actrade/9780199218462.001.0001/actrade-9780199218462?rskey=iZB2uH&result=254
Gandhi,https://www.veryshortintroductions.com/view/10.1093/actrade/9780192854575.001.0001/actrade-9780192854575?rskey=iZB2uH&result=255
Garden History,https://www.veryshortintroductions.com/view/10.1093/actrade/9780199689873.001.0001/actrade-9780199689873?rskey=iZB2uH&result=256
Genes,https://www.veryshortintroductions.com/view/10.1093/actrade/9780199676507.001.0001/actrade-9780199676507?rskey=iZB2uH&result=257
Genius,https://www.veryshortintroductions.com/view/10.1093/actrade/9780199594405.001.0001/actrade-9780199594405?rskey=iZB2uH&result=258
Genomics,https://www.veryshortintroductions.com/view/10.1093/actrade/9780198786207.001.0001/actrade-9780198786207?rskey=iZB2uH&result=259
Geoffrey Chaucer,https://www.veryshortintroductions.com/view/10.1093/actrade/9780198767718.001.0001/actrade-9780198767718?rskey=iZB2uH&result=260
Geography,https://www.veryshortintroductions.com/view/10.1093/actrade/9780199211289.001.0001/actrade-9780199211289?rskey=iZB2uH&result=261
Geology,https://www.veryshortintroductions.com/view/10.1093/actrade/9780198804451.001.0001/actrade-9780198804451?rskey=iZB2uH&result=262
Geophysics,https://www.veryshortintroductions.com/view/10.1093/actrade/9780198792956.001.0001/actrade-9780198792956?rskey=iZB2uH&result=263
Geopolitics,https://www.veryshortintroductions.com/view/10.1093/actrade/9780198830764.001.0001/actrade-9780198830764?rskey=iZB2uH&result=264
German Literature,https://www.veryshortintroductions.com/view/10.1093/actrade/9780199206599.001.0001/actrade-9780199206599?rskey=iZB2uH&result=265
German Philosophy,https://www.veryshortintroductions.com/view/10.1093/actrade/9780199569250.001.0001/actrade-9780199569250?rskey=iZB2uH&result=266
Glaciation,https://www.veryshortintroductions.com/view/10.1093/actrade/9780198745853.001.0001/actrade-9780198745853?rskey=iZB2uH&result=267
Global Economic History,https://www.veryshortintroductions.com/view/10.1093/actrade/9780199596652.001.0001/actrade-9780199596652?rskey=iZB2uH&result=268
Globalization,https://www.veryshortintroductions.com/view/10.1093/actrade/9780198779551.001.0001/actrade-9780198779551?rskey=iZB2uH&result=269
God,https://www.veryshortintroductions.com/view/10.1093/actrade/9780198708957.001.0001/actrade-9780198708957?rskey=iZB2uH&result=270
Goethe,https://www.veryshortintroductions.com/view/10.1093/actrade/9780199689255.001.0001/actrade-9780199689255?rskey=iZB2uH&result=271
The Gothic,https://www.veryshortintroductions.com/view/10.1093/actrade/9780199586790.001.0001/actrade-9780199586790?rskey=iZB2uH&result=272
Governance,https://www.veryshortintroductions.com/view/10.1093/actrade/9780199606412.001.0001/actrade-9780199606412?rskey=iZB2uH&result=273
Gravity,https://www.veryshortintroductions.com/view/10.1093/actrade/9780198729143.001.0001/actrade-9780198729143?rskey=iZB2uH&result=274
The Great Depression and New Deal,https://www.veryshortintroductions.com/view/10.1093/actrade/9780195326345.001.0001/actrade-9780195326345?rskey=iZB2uH&result=275
Habermas,https://www.veryshortintroductions.com/view/10.1093/actrade/9780192840950.001.0001/actrade-9780192840950?rskey=iZB2uH&result=276
The Habsburg Empire,https://www.veryshortintroductions.com/view/10.1093/actrade/9780198792963.001.0001/actrade-9780198792963?rskey=iZB2uH&result=277
Happiness,https://www.veryshortintroductions.com/view/10.1093/actrade/9780199590605.001.0001/actrade-9780199590605?rskey=iZB2uH&result=278
The Harlem Renaissance,https://www.veryshortintroductions.com/view/10.1093/actrade/9780199335558.001.0001/actrade-9780199335558?rskey=iZB2uH&result=279
The Hebrew Bible as Literature,https://www.veryshortintroductions.com/view/10.1093/actrade/9780195300079.001.0001/actrade-9780195300079?rskey=iZB2uH&result=280
Hegel,https://www.veryshortintroductions.com/view/10.1093/actrade/9780192801975.001.0001/actrade-9780192801975?rskey=iZB2uH&result=281
Heidegger,https://www.veryshortintroductions.com/view/10.1093/actrade/9780198828662.001.0001/actrade-9780198828662?rskey=iZB2uH&result=282
The Hellenistic Age,https://www.veryshortintroductions.com/view/10.1093/actrade/9780198746041.001.0001/actrade-9780198746041?rskey=iZB2uH&result=283
Heredity,https://www.veryshortintroductions.com/view/10.1093/actrade/9780198790457.001.0001/actrade-9780198790457?rskey=iZB2uH&result=284
Hermeneutics,https://www.veryshortintroductions.com/view/10.1093/actrade/9780199685356.001.0001/actrade-9780199685356?rskey=iZB2uH&result=285
Herodotus,https://www.veryshortintroductions.com/view/10.1093/actrade/9780199575992.001.0001/actrade-9780199575992?rskey=iZB2uH&result=286
Hieroglyphs,https://www.veryshortintroductions.com/view/10.1093/actrade/9780192805027.001.0001/actrade-9780192805027?rskey=iZB2uH&result=287
Hinduism,https://www.veryshortintroductions.com/view/10.1093/actrade/9780198745549.001.0001/actrade-9780198745549?rskey=iZB2uH&result=288
History,https://www.veryshortintroductions.com/view/10.1093/actrade/9780192853523.001.0001/actrade-9780192853523?rskey=iZB2uH&result=289
The History of Astronomy,https://www.veryshortintroductions.com/view/10.1093/actrade/9780192803061.001.0001/actrade-9780192803061?rskey=iZB2uH&result=290
The History of Chemistry,https://www.veryshortintroductions.com/view/10.1093/actrade/9780198716488.001.0001/actrade-9780198716488?rskey=iZB2uH&result=291
The History of Childhood,https://www.veryshortintroductions.com/view/10.1093/actrade/9780190681388.001.0001/actrade-9780190681388?rskey=iZB2uH&result=292
The History of Cinema,https://www.veryshortintroductions.com/view/10.1093/actrade/9780198701774.001.0001/actrade-9780198701774?rskey=iZB2uH&result=293
The History of Life,https://www.veryshortintroductions.com/view/10.1093/actrade/9780199226320.001.0001/actrade-9780199226320?rskey=iZB2uH&result=294
The History of Mathematics,https://www.veryshortintroductions.com/view/10.1093/actrade/9780199599684.001.0001/actrade-9780199599684?rskey=iZB2uH&result=295
The History of Medicine,https://www.veryshortintroductions.com/view/10.1093/actrade/9780199215430.001.0001/actrade-9780199215430?rskey=iZB2uH&result=296
The History of Physics,https://www.veryshortintroductions.com/view/10.1093/actrade/9780199684120.001.0001/actrade-9780199684120?rskey=iZB2uH&result=297
The History of Time,https://www.veryshortintroductions.com/view/10.1093/actrade/9780192804990.001.0001/actrade-9780192804990?rskey=iZB2uH&result=298
HIV & AIDS,https://www.veryshortintroductions.com/view/10.1093/actrade/9780198727491.001.0001/actrade-9780198727491?rskey=iZB2uH&result=299
Hobbes,https://www.veryshortintroductions.com/view/10.1093/actrade/9780192802552.001.0001/actrade-9780192802552?rskey=iZB2uH&result=300
Hollywood,https://www.veryshortintroductions.com/view/10.1093/actrade/9780199943548.001.0001/actrade-9780199943548?rskey=FkHwAg&result=301
The Holy Roman Empire,https://www.veryshortintroductions.com/view/10.1093/actrade/9780198748762.001.0001/actrade-9780198748762?rskey=FkHwAg&result=302
Home,https://www.veryshortintroductions.com/view/10.1093/actrade/9780198747239.001.0001/actrade-9780198747239?rskey=FkHwAg&result=303
Homer,https://www.veryshortintroductions.com/view/10.1093/actrade/9780199589944.001.0001/actrade-9780199589944?rskey=FkHwAg&result=304
Hormones,https://www.veryshortintroductions.com/view/10.1093/actrade/9780199672875.001.0001/actrade-9780199672875?rskey=FkHwAg&result=305
Human Evolution,https://www.veryshortintroductions.com/view/10.1093/actrade/9780198831747.001.0001/actrade-9780198831747?rskey=FkHwAg&result=306
Human Rights,https://www.veryshortintroductions.com/view/10.1093/actrade/9780198706168.001.0001/actrade-9780198706168?rskey=FkHwAg&result=307
Humanism,https://www.veryshortintroductions.com/view/10.1093/actrade/9780199553648.001.0001/actrade-9780199553648?rskey=FkHwAg&result=308
Hume,https://www.veryshortintroductions.com/view/10.1093/actrade/9780192854063.001.0001/actrade-9780192854063?rskey=FkHwAg&result=309
Humour,https://www.veryshortintroductions.com/view/10.1093/actrade/9780199552221.001.0001/actrade-9780199552221?rskey=FkHwAg&result=310
The Ice Age,https://www.veryshortintroductions.com/view/10.1093/actrade/9780199580699.001.0001/actrade-9780199580699?rskey=FkHwAg&result=311
Identity,https://www.veryshortintroductions.com/view/10.1093/actrade/9780198828549.001.0001/actrade-9780198828549?rskey=FkHwAg&result=312
Ideology,https://www.veryshortintroductions.com/view/10.1093/actrade/9780192802811.001.0001/actrade-9780192802811?rskey=FkHwAg&result=313
The Immune System,https://www.veryshortintroductions.com/view/10.1093/actrade/9780198753902.001.0001/actrade-9780198753902?rskey=FkHwAg&result=314
Indian Cinema,https://www.veryshortintroductions.com/view/10.1093/actrade/9780198723097.001.0001/actrade-9780198723097?rskey=FkHwAg&result=315
Indian Philosophy,https://www.veryshortintroductions.com/view/10.1093/actrade/9780192853745.001.0001/actrade-9780192853745?rskey=FkHwAg&result=316
The Industrial Revolution,https://www.veryshortintroductions.com/view/10.1093/actrade/9780198706786.001.0001/actrade-9780198706786?rskey=FkHwAg&result=317
Infectious Disease,https://www.veryshortintroductions.com/view/10.1093/actrade/9780199688937.001.0001/actrade-9780199688937?rskey=FkHwAg&result=318
Infinity,https://www.veryshortintroductions.com/view/10.1093/actrade/9780198755234.001.0001/actrade-9780198755234?rskey=FkHwAg&result=319
Information,https://www.veryshortintroductions.com/view/10.1093/actrade/9780199551378.001.0001/actrade-9780199551378?rskey=FkHwAg&result=320
Innovation,https://www.veryshortintroductions.com/view/10.1093/actrade/9780198825043.001.0001/actrade-9780198825043?rskey=FkHwAg&result=321
Intellectual Property,https://www.veryshortintroductions.com/view/10.1093/actrade/9780195372779.001.0001/actrade-9780195372779?rskey=FkHwAg&result=322
Intelligence,https://www.veryshortintroductions.com/view/10.1093/actrade/9780192893215.001.0001/actrade-9780192893215?rskey=FkHwAg&result=323
International Law,https://www.veryshortintroductions.com/view/10.1093/actrade/9780199239337.001.0001/actrade-9780199239337?rskey=FkHwAg&result=324
International Migration,https://www.veryshortintroductions.com/view/10.1093/actrade/9780198753773.001.0001/actrade-9780198753773?rskey=FkHwAg&result=325
International Relations,https://www.veryshortintroductions.com/view/10.1093/actrade/9780192801579.001.0001/actrade-9780192801579?rskey=FkHwAg&result=326
International Security,https://www.veryshortintroductions.com/view/10.1093/actrade/9780199668533.001.0001/actrade-9780199668533?rskey=FkHwAg&result=327
Iran,https://www.veryshortintroductions.com/view/10.1093/actrade/9780199669349.001.0001/actrade-9780199669349?rskey=FkHwAg&result=328
Islam,https://www.veryshortintroductions.com/view/10.1093/actrade/9780199642878.001.0001/actrade-9780199642878?rskey=FkHwAg&result=329
Islamic History,https://www.veryshortintroductions.com/view/10.1093/actrade/9780199545728.001.0001/actrade-9780199545728?rskey=FkHwAg&result=330
Isotopes,https://www.veryshortintroductions.com/view/10.1093/actrade/9780198723622.001.0001/actrade-9780198723622?rskey=FkHwAg&result=331
Italian Literature,https://www.veryshortintroductions.com/view/10.1093/actrade/9780199231799.001.0001/actrade-9780199231799?rskey=FkHwAg&result=332
Jesus,https://www.veryshortintroductions.com/view/10.1093/actrade/9780199575275.001.0001/actrade-9780199575275?rskey=FkHwAg&result=333
Jewish History,https://www.veryshortintroductions.com/view/10.1093/actrade/9780199730988.001.0001/actrade-9780199730988?rskey=FkHwAg&result=334
Journalism,https://www.veryshortintroductions.com/view/10.1093/actrade/9780199686872.001.0001/actrade-9780199686872?rskey=FkHwAg&result=335
Judaism,https://www.veryshortintroductions.com/view/10.1093/actrade/9780199687350.001.0001/actrade-9780199687350?rskey=FkHwAg&result=336
Kabbalah,https://www.veryshortintroductions.com/view/10.1093/actrade/9780195327052.001.0001/actrade-9780195327052?rskey=FkHwAg&result=337
Kafka,https://www.veryshortintroductions.com/view/10.1093/actrade/9780192804556.001.0001/actrade-9780192804556?rskey=FkHwAg&result=338
Kant,https://www.veryshortintroductions.com/view/10.1093/actrade/9780192801999.001.0001/actrade-9780192801999?rskey=FkHwAg&result=339
Keynes,https://www.veryshortintroductions.com/view/10.1093/actrade/9780199591640.001.0001/actrade-9780199591640?rskey=FkHwAg&result=340
Kierkegaard,https://www.veryshortintroductions.com/view/10.1093/actrade/9780192802569.001.0001/actrade-9780192802569?rskey=FkHwAg&result=341
Knowledge,https://www.veryshortintroductions.com/view/10.1093/actrade/9780199661268.001.0001/actrade-9780199661268?rskey=FkHwAg&result=342
The Koran,https://www.veryshortintroductions.com/view/10.1093/actrade/9780192853448.001.0001/actrade-9780192853448?rskey=FkHwAg&result=343
Korea,https://www.veryshortintroductions.com/view/10.1093/actrade/9780198830771.001.0001/actrade-9780198830771?rskey=FkHwAg&result=344
Lakes,https://www.veryshortintroductions.com/view/10.1093/actrade/9780198766735.001.0001/actrade-9780198766735?rskey=FkHwAg&result=345
Landscape Architecture,https://www.veryshortintroductions.com/view/10.1093/actrade/9780199681204.001.0001/actrade-9780199681204?rskey=FkHwAg&result=346
Landscapes and Geomorphology,https://www.veryshortintroductions.com/view/10.1093/actrade/9780199565573.001.0001/actrade-9780199565573?rskey=FkHwAg&result=347
Languages,https://www.veryshortintroductions.com/view/10.1093/actrade/9780199590599.001.0001/actrade-9780199590599?rskey=FkHwAg&result=348
Late Antiquity,https://www.veryshortintroductions.com/view/10.1093/actrade/9780199546206.001.0001/actrade-9780199546206?rskey=FkHwAg&result=349
Law,https://www.veryshortintroductions.com/view/10.1093/actrade/9780198745624.001.0001/actrade-9780198745624?rskey=FkHwAg&result=350
The Laws of Thermodynamics,https://www.veryshortintroductions.com/view/10.1093/actrade/9780199572199.001.0001/actrade-9780199572199?rskey=FkHwAg&result=351
Leadership,https://www.veryshortintroductions.com/view/10.1093/actrade/9780199569915.001.0001/actrade-9780199569915?rskey=FkHwAg&result=352
Learning,https://www.veryshortintroductions.com/view/10.1093/actrade/9780199688364.001.0001/actrade-9780199688364?rskey=FkHwAg&result=353
Leibniz,https://www.veryshortintroductions.com/view/10.1093/actrade/9780198718642.001.0001/actrade-9780198718642?rskey=FkHwAg&result=354
Liberalism,https://www.veryshortintroductions.com/view/10.1093/actrade/9780199670437.001.0001/actrade-9780199670437?rskey=FkHwAg&result=355
Light,https://www.veryshortintroductions.com/view/10.1093/actrade/9780199682690.001.0001/actrade-9780199682690?rskey=FkHwAg&result=356
Lincoln,https://www.veryshortintroductions.com/view/10.1093/actrade/9780195367805.001.0001/actrade-9780195367805?rskey=FkHwAg&result=357
Linguistics,https://www.veryshortintroductions.com/view/10.1093/actrade/9780192801487.001.0001/actrade-9780192801487?rskey=FkHwAg&result=358
Literary Theory,https://www.veryshortintroductions.com/view/10.1093/actrade/9780199691340.001.0001/actrade-9780199691340?rskey=FkHwAg&result=359
Locke,https://www.veryshortintroductions.com/view/10.1093/actrade/9780192803948.001.0001/actrade-9780192803948?rskey=FkHwAg&result=360
Logic,https://www.veryshortintroductions.com/view/10.1093/actrade/9780198811701.001.0001/actrade-9780198811701?rskey=FkHwAg&result=361
Love,https://www.veryshortintroductions.com/view/10.1093/actrade/9780199663842.001.0001/actrade-9780199663842?rskey=FkHwAg&result=362
Machiavelli,https://www.veryshortintroductions.com/view/10.1093/actrade/9780198837572.001.0001/actrade-9780198837572?rskey=FkHwAg&result=363
Madness,https://www.veryshortintroductions.com/view/10.1093/actrade/9780199608034.001.0001/actrade-9780199608034?rskey=FkHwAg&result=364
Magic,https://www.veryshortintroductions.com/view/10.1093/actrade/9780199588022.001.0001/actrade-9780199588022?rskey=FkHwAg&result=365
Magna Carta,https://www.veryshortintroductions.com/view/10.1093/actrade/9780199582877.001.0001/actrade-9780199582877?rskey=FkHwAg&result=366
Magnetism,https://www.veryshortintroductions.com/view/10.1093/actrade/9780199601202.001.0001/actrade-9780199601202?rskey=FkHwAg&result=367
Malthus,https://www.veryshortintroductions.com/view/10.1093/actrade/9780199670413.001.0001/actrade-9780199670413?rskey=FkHwAg&result=368
Mammals,https://www.veryshortintroductions.com/view/10.1093/actrade/9780198766940.001.0001/actrade-9780198766940?rskey=FkHwAg&result=369
Management,https://www.veryshortintroductions.com/view/10.1093/actrade/9780199656981.001.0001/actrade-9780199656981?rskey=FkHwAg&result=370
Mao,https://www.veryshortintroductions.com/view/10.1093/actrade/9780199588664.001.0001/actrade-9780199588664?rskey=FkHwAg&result=371
Marine Biology,https://www.veryshortintroductions.com/view/10.1093/actrade/9780198841715.001.0001/actrade-9780198841715?rskey=FkHwAg&result=372
The Marquis de Sade,https://www.veryshortintroductions.com/view/10.1093/actrade/9780192804693.001.0001/actrade-9780192804693?rskey=FkHwAg&result=373
Martin Luther,https://www.veryshortintroductions.com/view/10.1093/actrade/9780199574339.001.0001/actrade-9780199574339?rskey=FkHwAg&result=374
Martyrdom,https://www.veryshortintroductions.com/view/10.1093/actrade/9780199585236.001.0001/actrade-9780199585236?rskey=FkHwAg&result=375
Marx,https://www.veryshortintroductions.com/view/10.1093/actrade/9780198821076.001.0001/actrade-9780198821076?rskey=FkHwAg&result=376
Materials,https://www.veryshortintroductions.com/view/10.1093/actrade/9780199672677.001.0001/actrade-9780199672677?rskey=FkHwAg&result=377
Mathematical Finance,https://www.veryshortintroductions.com/view/10.1093/actrade/9780198787945.001.0001/actrade-9780198787945?rskey=FkHwAg&result=378
Mathematics,https://www.veryshortintroductions.com/view/10.1093/actrade/9780192853615.001.0001/actrade-9780192853615?rskey=FkHwAg&result=379
Matter,https://www.veryshortintroductions.com/view/10.1093/actrade/9780198806547.001.0001/actrade-9780198806547?rskey=FkHwAg&result=380
The Meaning of Life,https://www.veryshortintroductions.com/view/10.1093/actrade/9780199532179.001.0001/actrade-9780199532179?rskey=FkHwAg&result=381
Measurement,https://www.veryshortintroductions.com/view/10.1093/actrade/9780198779568.001.0001/actrade-9780198779568?rskey=FkHwAg&result=382
Medical Ethics,https://www.veryshortintroductions.com/view/10.1093/actrade/9780198815600.001.0001/actrade-9780198815600?rskey=FkHwAg&result=383
Medical Law,https://www.veryshortintroductions.com/view/10.1093/actrade/9780199660445.001.0001/actrade-9780199660445?rskey=FkHwAg&result=384
Medieval Britain,https://www.veryshortintroductions.com/view/10.1093/actrade/9780192854025.001.0001/actrade-9780192854025?rskey=FkHwAg&result=385
Medieval Literature,https://www.veryshortintroductions.com/view/10.1093/actrade/9780199668496.001.0001/actrade-9780199668496?rskey=FkHwAg&result=386
Medieval Philosophy,https://www.veryshortintroductions.com/view/10.1093/actrade/9780199663224.001.0001/actrade-9780199663224?rskey=FkHwAg&result=387
Memory,https://www.veryshortintroductions.com/view/10.1093/actrade/9780192806758.001.0001/actrade-9780192806758?rskey=FkHwAg&result=388
Metaphysics,https://www.veryshortintroductions.com/view/10.1093/actrade/9780199657124.001.0001/actrade-9780199657124?rskey=FkHwAg&result=389
Methodism,https://www.veryshortintroductions.com/view/10.1093/actrade/9780198802310.001.0001/actrade-9780198802310?rskey=FkHwAg&result=390
The Mexican Revolution,https://www.veryshortintroductions.com/view/10.1093/actrade/9780198745631.001.0001/actrade-9780198745631?rskey=FkHwAg&result=391
Michael Faraday,https://www.veryshortintroductions.com/view/10.1093/actrade/9780199574315.001.0001/actrade-9780199574315?rskey=FkHwAg&result=392
Microbiology,https://www.veryshortintroductions.com/view/10.1093/actrade/9780199681686.001.0001/actrade-9780199681686?rskey=FkHwAg&result=393
Microeconomics,https://www.veryshortintroductions.com/view/10.1093/actrade/9780199689378.001.0001/actrade-9780199689378?rskey=FkHwAg&result=394
Microscopy,https://www.veryshortintroductions.com/view/10.1093/actrade/9780198701262.001.0001/actrade-9780198701262?rskey=FkHwAg&result=395
The Middle Ages,https://www.veryshortintroductions.com/view/10.1093/actrade/9780199697298.001.0001/actrade-9780199697298?rskey=FkHwAg&result=396
Military Justice,https://www.veryshortintroductions.com/view/10.1093/actrade/9780199303496.001.0001/actrade-9780199303496?rskey=FkHwAg&result=397
Military Strategy,https://www.veryshortintroductions.com/view/10.1093/actrade/9780199340132.001.0001/actrade-9780199340132?rskey=FkHwAg&result=398
Minerals,https://www.veryshortintroductions.com/view/10.1093/actrade/9780199682843.001.0001/actrade-9780199682843?rskey=FkHwAg&result=399
Miracles,https://www.veryshortintroductions.com/view/10.1093/actrade/9780198747215.001.0001/actrade-9780198747215?rskey=FkHwAg&result=400
Modern Architecture,https://www.veryshortintroductions.com/view/10.1093/actrade/9780198783442.001.0001/actrade-9780198783442?rskey=NozSxy&result=401
Modern Art,https://www.veryshortintroductions.com/view/10.1093/actrade/9780192803641.001.0001/actrade-9780192803641?rskey=NozSxy&result=402
Modern China,https://www.veryshortintroductions.com/view/10.1093/actrade/9780198753704.001.0001/actrade-9780198753704?rskey=NozSxy&result=403
Modern Drama,https://www.veryshortintroductions.com/view/10.1093/actrade/9780199658770.001.0001/actrade-9780199658770?rskey=NozSxy&result=404
Modern France,https://www.veryshortintroductions.com/view/10.1093/actrade/9780195389418.001.0001/actrade-9780195389418?rskey=NozSxy&result=405
Modern India,https://www.veryshortintroductions.com/view/10.1093/actrade/9780198769347.001.0001/actrade-9780198769347?rskey=NozSxy&result=406
Modern Ireland,https://www.veryshortintroductions.com/view/10.1093/actrade/9780192801678.001.0001/actrade-9780192801678?rskey=NozSxy&result=407
Modern Italy,https://www.veryshortintroductions.com/view/10.1093/actrade/9780198726517.001.0001/actrade-9780198726517?rskey=NozSxy&result=408
Modern Japan,https://www.veryshortintroductions.com/view/10.1093/actrade/9780199235698.001.0001/actrade-9780199235698?rskey=NozSxy&result=409
Modern Latin American Literature,https://www.veryshortintroductions.com/view/10.1093/actrade/9780199754915.001.0001/actrade-9780199754915?rskey=NozSxy&result=410
Modern War,https://www.veryshortintroductions.com/view/10.1093/actrade/9780199607891.001.0001/actrade-9780199607891?rskey=NozSxy&result=411
Modernism,https://www.veryshortintroductions.com/view/10.1093/actrade/9780192804419.001.0001/actrade-9780192804419?rskey=NozSxy&result=412
Molecular Biology,https://www.veryshortintroductions.com/view/10.1093/actrade/9780198723882.001.0001/actrade-9780198723882?rskey=NozSxy&result=413
Molecules,https://www.veryshortintroductions.com/view/10.1093/actrade/9780192854308.001.0001/actrade-9780192854308?rskey=NozSxy&result=414
Monasticism,https://www.veryshortintroductions.com/view/10.1093/actrade/9780198717645.001.0001/actrade-9780198717645?rskey=NozSxy&result=415
The Mongols,https://www.veryshortintroductions.com/view/10.1093/actrade/9780199840892.001.0001/actrade-9780199840892?rskey=NozSxy&result=416
Moons,https://www.veryshortintroductions.com/view/10.1093/actrade/9780198735274.001.0001/actrade-9780198735274?rskey=NozSxy&result=417
Mormonism,https://www.veryshortintroductions.com/view/10.1093/actrade/9780195310306.001.0001/actrade-9780195310306?rskey=NozSxy&result=418
Mountains,https://www.veryshortintroductions.com/view/10.1093/actrade/9780199695881.001.0001/actrade-9780199695881?rskey=NozSxy&result=419
Muhammad,https://www.veryshortintroductions.com/view/10.1093/actrade/9780199559282.001.0001/actrade-9780199559282?rskey=NozSxy&result=420
Multiculturalism,https://www.veryshortintroductions.com/view/10.1093/actrade/9780199546039.001.0001/actrade-9780199546039?rskey=NozSxy&result=421
Multilingualism,https://www.veryshortintroductions.com/view/10.1093/actrade/9780198724995.001.0001/actrade-9780198724995?rskey=NozSxy&result=422
Music,https://www.veryshortintroductions.com/view/10.1093/actrade/9780192853820.001.0001/actrade-9780192853820?rskey=NozSxy&result=423
Myth,https://www.veryshortintroductions.com/view/10.1093/actrade/9780198724704.001.0001/actrade-9780198724704?rskey=NozSxy&result=424
Napoleon,https://www.veryshortintroductions.com/view/10.1093/actrade/9780199321667.001.0001/actrade-9780199321667?rskey=NozSxy&result=425
The Napoleonic Wars,https://www.veryshortintroductions.com/view/10.1093/actrade/9780199590964.001.0001/actrade-9780199590964?rskey=NozSxy&result=426
Nationalism,https://www.veryshortintroductions.com/view/10.1093/actrade/9780192840981.001.0001/actrade-9780192840981?rskey=NozSxy&result=427
Native American Literature,https://www.veryshortintroductions.com/view/10.1093/actrade/9780199944521.001.0001/actrade-9780199944521?rskey=NozSxy&result=428
Navigation,https://www.veryshortintroductions.com/view/10.1093/actrade/9780198733713.001.0001/actrade-9780198733713?rskey=NozSxy&result=429
Nazi Germany,https://www.veryshortintroductions.com/view/10.1093/actrade/9780198706953.001.0001/actrade-9780198706953?rskey=NozSxy&result=430
Nelson Mandela,https://www.veryshortintroductions.com/view/10.1093/actrade/9780192803016.001.0001/actrade-9780192803016?rskey=NozSxy&result=431
Neoliberalism,https://www.veryshortintroductions.com/view/10.1093/actrade/9780199560516.001.0001/actrade-9780199560516?rskey=NozSxy&result=432
Networks,https://www.veryshortintroductions.com/view/10.1093/actrade/9780199588077.001.0001/actrade-9780199588077?rskey=NozSxy&result=433
The New Testament,https://www.veryshortintroductions.com/view/10.1093/actrade/9780199735709.001.0001/actrade-9780199735709?rskey=NozSxy&result=434
The New Testament As Literature,https://www.veryshortintroductions.com/view/10.1093/actrade/9780195300208.001.0001/actrade-9780195300208?rskey=NozSxy&result=435
Newton,https://www.veryshortintroductions.com/view/10.1093/actrade/9780199298037.001.0001/actrade-9780199298037?rskey=NozSxy&result=436
Nietzsche,https://www.veryshortintroductions.com/view/10.1093/actrade/9780192854148.001.0001/actrade-9780192854148?rskey=NozSxy&result=437
Nineteenth-Century Britain,https://www.veryshortintroductions.com/view/10.1093/actrade/9780192853981.001.0001/actrade-9780192853981?rskey=NozSxy&result=438
The Norman Conquest,https://www.veryshortintroductions.com/view/10.1093/actrade/9780192801616.001.0001/actrade-9780192801616?rskey=NozSxy&result=439
North American Indians,https://www.veryshortintroductions.com/view/10.1093/actrade/9780195307542.001.0001/actrade-9780195307542?rskey=NozSxy&result=440
Northern Ireland,https://www.veryshortintroductions.com/view/10.1093/actrade/9780192801562.001.0001/actrade-9780192801562?rskey=NozSxy&result=441
Nothing,https://www.veryshortintroductions.com/view/10.1093/actrade/9780199225866.001.0001/actrade-9780199225866?rskey=NozSxy&result=442
Nuclear Physics,https://www.veryshortintroductions.com/view/10.1093/actrade/9780198718635.001.0001/actrade-9780198718635?rskey=NozSxy&result=443
Nuclear Power,https://www.veryshortintroductions.com/view/10.1093/actrade/9780199584970.001.0001/actrade-9780199584970?rskey=NozSxy&result=444
Nuclear Weapons,https://www.veryshortintroductions.com/view/10.1093/actrade/9780198727231.001.0001/actrade-9780198727231?rskey=NozSxy&result=445
Numbers,https://www.veryshortintroductions.com/view/10.1093/actrade/9780199584055.001.0001/actrade-9780199584055?rskey=NozSxy&result=446
Nutrition,https://www.veryshortintroductions.com/view/10.1093/actrade/9780199681921.001.0001/actrade-9780199681921?rskey=NozSxy&result=447
Objectivity,https://www.veryshortintroductions.com/view/10.1093/actrade/9780199606696.001.0001/actrade-9780199606696?rskey=NozSxy&result=448
Oceans,https://www.veryshortintroductions.com/view/10.1093/actrade/9780199655076.001.0001/actrade-9780199655076?rskey=NozSxy&result=449
The Old Testament,https://www.veryshortintroductions.com/view/10.1093/actrade/9780195305050.001.0001/actrade-9780195305050?rskey=NozSxy&result=450
The Orchestra,https://www.veryshortintroductions.com/view/10.1093/actrade/9780199760282.001.0001/actrade-9780199760282?rskey=NozSxy&result=451
Organic Chemistry,https://www.veryshortintroductions.com/view/10.1093/actrade/9780198759775.001.0001/actrade-9780198759775?rskey=NozSxy&result=452
Organizations,https://www.veryshortintroductions.com/view/10.1093/actrade/9780199584536.001.0001/actrade-9780199584536?rskey=NozSxy&result=453
Organized Crime,https://www.veryshortintroductions.com/view/10.1093/actrade/9780198795544.001.0001/actrade-9780198795544?rskey=NozSxy&result=454
Orthodox Christianity,https://www.veryshortintroductions.com/view/10.1093/actrade/9780190883270.001.0001/actrade-9780190883270?rskey=NozSxy&result=455
Paganism,https://www.veryshortintroductions.com/view/10.1093/actrade/9780199235162.001.0001/actrade-9780199235162?rskey=NozSxy&result=456
Pain,https://www.veryshortintroductions.com/view/10.1093/actrade/9780198738565.001.0001/actrade-9780198738565?rskey=NozSxy&result=457
The Palestinian-Israeli Conflict,https://www.veryshortintroductions.com/view/10.1093/actrade/9780199603930.001.0001/actrade-9780199603930?rskey=NozSxy&result=458
Pandemics,https://www.veryshortintroductions.com/view/10.1093/actrade/9780199340071.001.0001/actrade-9780199340071?rskey=NozSxy&result=459
Particle Physics,https://www.veryshortintroductions.com/view/10.1093/actrade/9780192804341.001.0001/actrade-9780192804341?rskey=NozSxy&result=460
Paul,https://www.veryshortintroductions.com/view/10.1093/actrade/9780192854513.001.0001/actrade-9780192854513?rskey=NozSxy&result=461
Peace,https://www.veryshortintroductions.com/view/10.1093/actrade/9780199656004.001.0001/actrade-9780199656004?rskey=NozSxy&result=462
Pentecostalism,https://www.veryshortintroductions.com/view/10.1093/actrade/9780199575152.001.0001/actrade-9780199575152?rskey=NozSxy&result=463
Perception,https://www.veryshortintroductions.com/view/10.1093/actrade/9780198791003.001.0001/actrade-9780198791003?rskey=NozSxy&result=464
The Periodic Table,https://www.veryshortintroductions.com/view/10.1093/actrade/9780198842323.001.0001/actrade-9780198842323?rskey=NozSxy&result=465
Philosophy,https://www.veryshortintroductions.com/view/10.1093/actrade/9780192854216.001.0001/actrade-9780192854216?rskey=NozSxy&result=466
Philosophy in the Islamic World,https://www.veryshortintroductions.com/view/10.1093/actrade/9780199683673.001.0001/actrade-9780199683673?rskey=NozSxy&result=467
Philosophy of Biology,https://www.veryshortintroductions.com/view/10.1093/actrade/9780198806998.001.0001/actrade-9780198806998?rskey=NozSxy&result=468
Philosophy of Law,https://www.veryshortintroductions.com/view/10.1093/actrade/9780199687008.001.0001/actrade-9780199687008?rskey=NozSxy&result=469
Philosophy of Religion,https://www.veryshortintroductions.com/view/10.1093/actrade/9780198754961.001.0001/actrade-9780198754961?rskey=NozSxy&result=470
Philosophy of Science,https://www.veryshortintroductions.com/view/10.1093/actrade/9780198745587.001.0001/actrade-9780198745587?rskey=NozSxy&result=471
Photography,https://www.veryshortintroductions.com/view/10.1093/actrade/9780192801647.001.0001/actrade-9780192801647?rskey=NozSxy&result=472
Physical Chemistry,https://www.veryshortintroductions.com/view/10.1093/actrade/9780199689095.001.0001/actrade-9780199689095?rskey=NozSxy&result=473
Physics,https://www.veryshortintroductions.com/view/10.1093/actrade/9780198813941.001.0001/actrade-9780198813941?rskey=NozSxy&result=474
Pilgrimage,https://www.veryshortintroductions.com/view/10.1093/actrade/9780198718222.001.0001/actrade-9780198718222?rskey=NozSxy&result=475
Plague,https://www.veryshortintroductions.com/view/10.1093/actrade/9780199589548.001.0001/actrade-9780199589548?rskey=NozSxy&result=476
Planets,https://www.veryshortintroductions.com/view/10.1093/actrade/9780199573509.001.0001/actrade-9780199573509?rskey=NozSxy&result=477
Plants,https://www.veryshortintroductions.com/view/10.1093/actrade/9780199584062.001.0001/actrade-9780199584062?rskey=NozSxy&result=478
Plate Tectonics,https://www.veryshortintroductions.com/view/10.1093/actrade/9780198728269.001.0001/actrade-9780198728269?rskey=NozSxy&result=479
Plato,https://www.veryshortintroductions.com/view/10.1093/actrade/9780192802163.001.0001/actrade-9780192802163?rskey=NozSxy&result=480
Poetry,https://www.veryshortintroductions.com/view/10.1093/actrade/9780199229116.001.0001/actrade-9780199229116?rskey=NozSxy&result=481
Political Philosophy,https://www.veryshortintroductions.com/view/10.1093/actrade/9780192803955.001.0001/actrade-9780192803955?rskey=NozSxy&result=482
Politics,https://www.veryshortintroductions.com/view/10.1093/actrade/9780192853882.001.0001/actrade-9780192853882?rskey=NozSxy&result=483
Populism,https://www.veryshortintroductions.com/view/10.1093/actrade/9780190234874.001.0001/actrade-9780190234874?rskey=NozSxy&result=484
Postcolonialism,https://www.veryshortintroductions.com/view/10.1093/actrade/9780192801821.001.0001/actrade-9780192801821?rskey=NozSxy&result=485
Postmodernism,https://www.veryshortintroductions.com/view/10.1093/actrade/9780192802392.001.0001/actrade-9780192802392?rskey=NozSxy&result=486
Poststructuralism,https://www.veryshortintroductions.com/view/10.1093/actrade/9780192801807.001.0001/actrade-9780192801807?rskey=NozSxy&result=487
Poverty,https://www.veryshortintroductions.com/view/10.1093/actrade/9780198716471.001.0001/actrade-9780198716471?rskey=NozSxy&result=488
Prehistory,https://www.veryshortintroductions.com/view/10.1093/actrade/9780198803515.001.0001/actrade-9780198803515?rskey=NozSxy&result=489
Presocratic Philosophy,https://www.veryshortintroductions.com/view/10.1093/actrade/9780192840943.001.0001/actrade-9780192840943?rskey=NozSxy&result=490
Privacy,https://www.veryshortintroductions.com/view/10.1093/actrade/9780198725947.001.0001/actrade-9780198725947?rskey=NozSxy&result=491
Probability,https://www.veryshortintroductions.com/view/10.1093/actrade/9780199588480.001.0001/actrade-9780199588480?rskey=NozSxy&result=492
Progressivism,https://www.veryshortintroductions.com/view/10.1093/actrade/9780195311068.001.0001/actrade-9780195311068?rskey=NozSxy&result=493
Prohibition,https://www.veryshortintroductions.com/view/10.1093/actrade/9780190280109.001.0001/actrade-9780190280109?rskey=NozSxy&result=494
Projects,https://www.veryshortintroductions.com/view/10.1093/actrade/9780198727668.001.0001/actrade-9780198727668?rskey=NozSxy&result=495
Protestantism,https://www.veryshortintroductions.com/view/10.1093/actrade/9780199560974.001.0001/actrade-9780199560974?rskey=NozSxy&result=496
Psychiatry,https://www.veryshortintroductions.com/view/10.1093/actrade/9780198826200.001.0001/actrade-9780198826200?rskey=NozSxy&result=497
Psychoanalysis,https://www.veryshortintroductions.com/view/10.1093/actrade/9780199226818.001.0001/actrade-9780199226818?rskey=NozSxy&result=498
Psychology,https://www.veryshortintroductions.com/view/10.1093/actrade/9780199670420.001.0001/actrade-9780199670420?rskey=NozSxy&result=499
The Psychology of Music,https://www.veryshortintroductions.com/view/10.1093/actrade/9780190640156.001.0001/actrade-9780190640156?rskey=NozSxy&result=500
Psychopathy,https://www.veryshortintroductions.com/view/10.1093/actrade/9780198802266.001.0001/actrade-9780198802266?rskey=R2XON9&result=501
Psychotherapy,https://www.veryshortintroductions.com/view/10.1093/actrade/9780199689361.001.0001/actrade-9780199689361?rskey=R2XON9&result=502
Public Administration,https://www.veryshortintroductions.com/view/10.1093/actrade/9780198724230.001.0001/actrade-9780198724230?rskey=R2XON9&result=503
Public Health,https://www.veryshortintroductions.com/view/10.1093/actrade/9780199688463.001.0001/actrade-9780199688463?rskey=R2XON9&result=504
Puritanism,https://www.veryshortintroductions.com/view/10.1093/actrade/9780195334555.001.0001/actrade-9780195334555?rskey=R2XON9&result=505
The Quakers,https://www.veryshortintroductions.com/view/10.1093/actrade/9780199206797.001.0001/actrade-9780199206797?rskey=R2XON9&result=506
Quantum Theory,https://www.veryshortintroductions.com/view/10.1093/actrade/9780192802521.001.0001/actrade-9780192802521?rskey=R2XON9&result=507
Racism,https://www.veryshortintroductions.com/view/10.1093/actrade/9780192805904.001.0001/actrade-9780192805904?rskey=R2XON9&result=508
Radioactivity,https://www.veryshortintroductions.com/view/10.1093/actrade/9780199692422.001.0001/actrade-9780199692422?rskey=R2XON9&result=509
Rastafari,https://www.veryshortintroductions.com/view/10.1093/actrade/9780199584529.001.0001/actrade-9780199584529?rskey=R2XON9&result=510
Reading,https://www.veryshortintroductions.com/view/10.1093/actrade/9780198820581.001.0001/actrade-9780198820581?rskey=R2XON9&result=511
The Reagan Revolution,https://www.veryshortintroductions.com/view/10.1093/actrade/9780195317107.001.0001/actrade-9780195317107?rskey=R2XON9&result=512
Reality,https://www.veryshortintroductions.com/view/10.1093/actrade/9780199594412.001.0001/actrade-9780199594412?rskey=R2XON9&result=513
Reconstruction,https://www.veryshortintroductions.com/view/10.1093/actrade/9780190454791.001.0001/actrade-9780190454791?rskey=R2XON9&result=514
The Reformation,https://www.veryshortintroductions.com/view/10.1093/actrade/9780199231317.001.0001/actrade-9780199231317?rskey=R2XON9&result=515
Relativity,https://www.veryshortintroductions.com/view/10.1093/actrade/9780199236220.001.0001/actrade-9780199236220?rskey=R2XON9&result=516
Religion in America,https://www.veryshortintroductions.com/view/10.1093/actrade/9780195321074.001.0001/actrade-9780195321074?rskey=R2XON9&result=517
The Renaissance,https://www.veryshortintroductions.com/view/10.1093/actrade/9780192801630.001.0001/actrade-9780192801630?rskey=R2XON9&result=518
Renaissance Art,https://www.veryshortintroductions.com/view/10.1093/actrade/9780192803542.001.0001/actrade-9780192803542?rskey=R2XON9&result=519
Reptiles,https://www.veryshortintroductions.com/view/10.1093/actrade/9780198806417.001.0001/actrade-9780198806417?rskey=R2XON9&result=520
Revolutions,https://www.veryshortintroductions.com/view/10.1093/actrade/9780199858507.001.0001/actrade-9780199858507?rskey=R2XON9&result=521
Rhetoric,https://www.veryshortintroductions.com/view/10.1093/actrade/9780199651368.001.0001/actrade-9780199651368?rskey=R2XON9&result=522
Risk,https://www.veryshortintroductions.com/view/10.1093/actrade/9780199576203.001.0001/actrade-9780199576203?rskey=R2XON9&result=523
Ritual,https://www.veryshortintroductions.com/view/10.1093/actrade/9780199943524.001.0001/actrade-9780199943524?rskey=R2XON9&result=524
Rivers,https://www.veryshortintroductions.com/view/10.1093/actrade/9780199588671.001.0001/actrade-9780199588671?rskey=R2XON9&result=525
Robotics,https://www.veryshortintroductions.com/view/10.1093/actrade/9780199695980.001.0001/actrade-9780199695980?rskey=R2XON9&result=526
Rocks,https://www.veryshortintroductions.com/view/10.1093/actrade/9780198725190.001.0001/actrade-9780198725190?rskey=R2XON9&result=527
Roman Britain,https://www.veryshortintroductions.com/view/10.1093/actrade/9780198712169.001.0001/actrade-9780198712169?rskey=R2XON9&result=528
The Roman Empire,https://www.veryshortintroductions.com/view/10.1093/actrade/9780192803917.001.0001/actrade-9780192803917?rskey=R2XON9&result=529
The Roman Republic,https://www.veryshortintroductions.com/view/10.1093/actrade/9780199595112.001.0001/actrade-9780199595112?rskey=R2XON9&result=530
Romanticism,https://www.veryshortintroductions.com/view/10.1093/actrade/9780199568918.001.0001/actrade-9780199568918?rskey=R2XON9&result=531
Rousseau,https://www.veryshortintroductions.com/view/10.1093/actrade/9780192801982.001.0001/actrade-9780192801982?rskey=R2XON9&result=532
Russell,https://www.veryshortintroductions.com/view/10.1093/actrade/9780192802583.001.0001/actrade-9780192802583?rskey=R2XON9&result=533
Russian History,https://www.veryshortintroductions.com/view/10.1093/actrade/9780199580989.001.0001/actrade-9780199580989?rskey=R2XON9&result=534
Russian Literature,https://www.veryshortintroductions.com/view/10.1093/actrade/9780192801449.001.0001/actrade-9780192801449?rskey=R2XON9&result=535
The Russian Revolution,https://www.veryshortintroductions.com/view/10.1093/actrade/9780192853950.001.0001/actrade-9780192853950?rskey=R2XON9&result=536
Saints,https://www.veryshortintroductions.com/view/10.1093/actrade/9780199676514.001.0001/actrade-9780199676514?rskey=R2XON9&result=537
Savannas,https://www.veryshortintroductions.com/view/10.1093/actrade/9780198717225.001.0001/actrade-9780198717225?rskey=R2XON9&result=538
Scepticism,https://www.veryshortintroductions.com/view/10.1093/actrade/9780198829164.001.0001/actrade-9780198829164?rskey=R2XON9&result=539
Schizophrenia,https://www.veryshortintroductions.com/view/10.1093/actrade/9780192802217.001.0001/actrade-9780192802217?rskey=R2XON9&result=540
Schopenhauer,https://www.veryshortintroductions.com/view/10.1093/actrade/9780192802590.001.0001/actrade-9780192802590?rskey=R2XON9&result=541
Science and Religion,https://www.veryshortintroductions.com/view/10.1093/actrade/9780199295517.001.0001/actrade-9780199295517?rskey=R2XON9&result=542
Science Fiction,https://www.veryshortintroductions.com/view/10.1093/actrade/9780199557455.001.0001/actrade-9780199557455?rskey=R2XON9&result=543
The Scientific Revolution,https://www.veryshortintroductions.com/view/10.1093/actrade/9780199567416.001.0001/actrade-9780199567416?rskey=R2XON9&result=544
Scotland,https://www.veryshortintroductions.com/view/10.1093/actrade/9780199230792.001.0001/actrade-9780199230792?rskey=R2XON9&result=545
Secularism,https://www.veryshortintroductions.com/view/10.1093/actrade/9780198747222.001.0001/actrade-9780198747222?rskey=R2XON9&result=546
Sexual Selection,https://www.veryshortintroductions.com/view/10.1093/actrade/9780198778752.001.0001/actrade-9780198778752?rskey=R2XON9&result=547
Sexuality,https://www.veryshortintroductions.com/view/10.1093/actrade/9780199298020.001.0001/actrade-9780199298020?rskey=R2XON9&result=548
Shakespeare's Comedies,https://www.veryshortintroductions.com/view/10.1093/actrade/9780198723356.001.0001/actrade-9780198723356?rskey=R2XON9&result=549
Shakespeare's Sonnets and Poems,https://www.veryshortintroductions.com/view/10.1093/actrade/9780198717577.001.0001/actrade-9780198717577?rskey=R2XON9&result=550
Shakespeare's Tragedies,https://www.veryshortintroductions.com/view/10.1093/actrade/9780198785293.001.0001/actrade-9780198785293?rskey=R2XON9&result=551
Sikhism,https://www.veryshortintroductions.com/view/10.1093/actrade/9780198745570.001.0001/actrade-9780198745570?rskey=R2XON9&result=552
The Silk Road,https://www.veryshortintroductions.com/view/10.1093/actrade/9780199782864.001.0001/actrade-9780199782864?rskey=R2XON9&result=553
Slang,https://www.veryshortintroductions.com/view/10.1093/actrade/9780198729532.001.0001/actrade-9780198729532?rskey=R2XON9&result=554
Sleep,https://www.veryshortintroductions.com/view/10.1093/actrade/9780199587858.001.0001/actrade-9780199587858?rskey=R2XON9&result=555
Social and Cultural Anthropology,https://www.veryshortintroductions.com/view/10.1093/actrade/9780192853462.001.0001/actrade-9780192853462?rskey=R2XON9&result=556
Social Psychology,https://www.veryshortintroductions.com/view/10.1093/actrade/9780198715511.001.0001/actrade-9780198715511?rskey=R2XON9&result=557
Social Work,https://www.veryshortintroductions.com/view/10.1093/actrade/9780198708452.001.0001/actrade-9780198708452?rskey=R2XON9&result=558
Socialism,https://www.veryshortintroductions.com/view/10.1093/actrade/9780192804310.001.0001/actrade-9780192804310?rskey=R2XON9&result=559
Sociolinguistics,https://www.veryshortintroductions.com/view/10.1093/actrade/9780199858613.001.0001/actrade-9780199858613?rskey=R2XON9&result=560
Sociology,https://www.veryshortintroductions.com/view/10.1093/actrade/9780198822967.001.0001/actrade-9780198822967?rskey=R2XON9&result=561
Socrates,https://www.veryshortintroductions.com/view/10.1093/actrade/9780198835981.001.0001/actrade-9780198835981?rskey=R2XON9&result=562
Sound,https://www.veryshortintroductions.com/view/10.1093/actrade/9780198708445.001.0001/actrade-9780198708445?rskey=R2XON9&result=563
Southeast Asia,https://www.veryshortintroductions.com/view/10.1093/actrade/9780190248765.001.0001/actrade-9780190248765?rskey=R2XON9&result=564
The Soviet Union,https://www.veryshortintroductions.com/view/10.1093/actrade/9780199238484.001.0001/actrade-9780199238484?rskey=R2XON9&result=565
The Spanish Civil War,https://www.veryshortintroductions.com/view/10.1093/actrade/9780192803771.001.0001/actrade-9780192803771?rskey=R2XON9&result=566
Spanish Literature,https://www.veryshortintroductions.com/view/10.1093/actrade/9780199208050.001.0001/actrade-9780199208050?rskey=R2XON9&result=567
Spinoza,https://www.veryshortintroductions.com/view/10.1093/actrade/9780192803160.001.0001/actrade-9780192803160?rskey=R2XON9&result=568
Spirituality,https://www.veryshortintroductions.com/view/10.1093/actrade/9780199588756.001.0001/actrade-9780199588756?rskey=R2XON9&result=569
Sport,https://www.veryshortintroductions.com/view/10.1093/actrade/9780199688340.001.0001/actrade-9780199688340?rskey=R2XON9&result=570
Stars,https://www.veryshortintroductions.com/view/10.1093/actrade/9780199602926.001.0001/actrade-9780199602926?rskey=R2XON9&result=571
Statistics,https://www.veryshortintroductions.com/view/10.1093/actrade/9780199233564.001.0001/actrade-9780199233564?rskey=R2XON9&result=572
Stem Cells,https://www.veryshortintroductions.com/view/10.1093/actrade/9780199603381.001.0001/actrade-9780199603381?rskey=R2XON9&result=573
Stoicism,https://www.veryshortintroductions.com/view/10.1093/actrade/9780198786665.001.0001/actrade-9780198786665?rskey=R2XON9&result=574
Structural Engineering,https://www.veryshortintroductions.com/view/10.1093/actrade/9780199671939.001.0001/actrade-9780199671939?rskey=R2XON9&result=575
Stuart Britain,https://www.veryshortintroductions.com/view/10.1093/actrade/9780192854001.001.0001/actrade-9780192854001?rskey=R2XON9&result=576
Superconductivity,https://www.veryshortintroductions.com/view/10.1093/actrade/9780199540907.001.0001/actrade-9780199540907?rskey=R2XON9&result=577
Superstition,https://www.veryshortintroductions.com/view/10.1093/actrade/9780198819257.001.0001/actrade-9780198819257?rskey=R2XON9&result=578
Symmetry,https://www.veryshortintroductions.com/view/10.1093/actrade/9780199651986.001.0001/actrade-9780199651986?rskey=R2XON9&result=579
Synaesthesia,https://www.veryshortintroductions.com/view/10.1093/actrade/9780198749219.001.0001/actrade-9780198749219?rskey=R2XON9&result=580
Synthetic Biology,https://www.veryshortintroductions.com/view/10.1093/actrade/9780198803492.001.0001/actrade-9780198803492?rskey=R2XON9&result=581
Taxation,https://www.veryshortintroductions.com/view/10.1093/actrade/9780199683697.001.0001/actrade-9780199683697?rskey=R2XON9&result=582
Teeth,https://www.veryshortintroductions.com/view/10.1093/actrade/9780199670598.001.0001/actrade-9780199670598?rskey=R2XON9&result=583
Telescopes,https://www.veryshortintroductions.com/view/10.1093/actrade/9780198745860.001.0001/actrade-9780198745860?rskey=R2XON9&result=584
Terrorism,https://www.veryshortintroductions.com/view/10.1093/actrade/9780198809098.001.0001/actrade-9780198809098?rskey=R2XON9&result=585
Theatre,https://www.veryshortintroductions.com/view/10.1093/actrade/9780199669820.001.0001/actrade-9780199669820?rskey=R2XON9&result=586
Theology,https://www.veryshortintroductions.com/view/10.1093/actrade/9780199679973.001.0001/actrade-9780199679973?rskey=R2XON9&result=587
Thinking and Reasoning,https://www.veryshortintroductions.com/view/10.1093/actrade/9780198787259.001.0001/actrade-9780198787259?rskey=R2XON9&result=588
Thought,https://www.veryshortintroductions.com/view/10.1093/actrade/9780199601721.001.0001/actrade-9780199601721?rskey=R2XON9&result=589
Tibetan Buddhism,https://www.veryshortintroductions.com/view/10.1093/actrade/9780199735129.001.0001/actrade-9780199735129?rskey=R2XON9&result=590
Tides,https://www.veryshortintroductions.com/view/10.1093/actrade/9780198826637.001.0001/actrade-9780198826637?rskey=R2XON9&result=591
Tocqueville,https://www.veryshortintroductions.com/view/10.1093/actrade/9780195175394.001.0001/actrade-9780195175394?rskey=R2XON9&result=592
Leo Tolstoy,https://www.veryshortintroductions.com/view/10.1093/actrade/9780198813934.001.0001/actrade-9780198813934?rskey=R2XON9&result=593
Topology,https://www.veryshortintroductions.com/view/10.1093/actrade/9780198832683.001.0001/actrade-9780198832683?rskey=R2XON9&result=594
Tragedy,https://www.veryshortintroductions.com/view/10.1093/actrade/9780192802354.001.0001/actrade-9780192802354?rskey=R2XON9&result=595
Translation,https://www.veryshortintroductions.com/view/10.1093/actrade/9780198712114.001.0001/actrade-9780198712114?rskey=R2XON9&result=596
The Treaty of Versailles,https://www.veryshortintroductions.com/view/10.1093/actrade/9780190644987.001.0001/actrade-9780190644987?rskey=R2XON9&result=597
Trigonometry,https://www.veryshortintroductions.com/view/10.1093/actrade/9780198814313.001.0001/actrade-9780198814313?rskey=R2XON9&result=598
The Trojan War,https://www.veryshortintroductions.com/view/10.1093/actrade/9780199760275.001.0001/actrade-9780199760275?rskey=R2XON9&result=599
Trust,https://www.veryshortintroductions.com/view/10.1093/actrade/9780199697342.001.0001/actrade-9780199697342?rskey=R2XON9&result=600
Twentieth-Century Britain,https://www.veryshortintroductions.com/view/10.1093/actrade/9780192853974.001.0001/actrade-9780192853974?rskey=wsfR7g&result=601
Typography,https://www.veryshortintroductions.com/view/10.1093/actrade/9780199211296.001.0001/actrade-9780199211296?rskey=wsfR7g&result=602
The U.S. Congress,https://www.veryshortintroductions.com/view/10.1093/actrade/9780190280147.001.0001/actrade-9780190280147?rskey=wsfR7g&result=603
The U.S. Constitution,https://www.veryshortintroductions.com/view/10.1093/actrade/9780195378320.001.0001/actrade-9780195378320?rskey=wsfR7g&result=604
The U.S. Supreme Court,https://www.veryshortintroductions.com/view/10.1093/actrade/9780199754540.001.0001/actrade-9780199754540?rskey=wsfR7g&result=605
The United Nations,https://www.veryshortintroductions.com/view/10.1093/actrade/9780190222703.001.0001/actrade-9780190222703?rskey=wsfR7g&result=606
Universities and Colleges,https://www.veryshortintroductions.com/view/10.1093/actrade/9780198766131.001.0001/actrade-9780198766131?rskey=wsfR7g&result=607
Chemistry,https://www.veryshortintroductions.com/view/10.1093/actrade/9780199683970.001.0001/actrade-9780199683970?rskey=wsfR7g&result=608
Human Anatomy,https://www.veryshortintroductions.com/view/10.1093/actrade/9780198707370.001.0001/actrade-9780198707370?rskey=wsfR7g&result=609
American Political History,https://www.veryshortintroductions.com/view/10.1093/actrade/9780199340057.001.0001/actrade-9780199340057?rskey=wsfR7g&result=610
Utilitarianism,https://www.veryshortintroductions.com/view/10.1093/actrade/9780198728795.001.0001/actrade-9780198728795?rskey=wsfR7g&result=611
Utopianism,https://www.veryshortintroductions.com/view/10.1093/actrade/9780199573400.001.0001/actrade-9780199573400?rskey=wsfR7g&result=612
Veterinary Science,https://www.veryshortintroductions.com/view/10.1093/actrade/9780198790969.001.0001/actrade-9780198790969?rskey=wsfR7g&result=613
The Vikings,https://www.veryshortintroductions.com/view/10.1093/actrade/9780192806079.001.0001/actrade-9780192806079?rskey=wsfR7g&result=614
Viruses,https://www.veryshortintroductions.com/view/10.1093/actrade/9780198811718.001.0001/actrade-9780198811718?rskey=wsfR7g&result=615
Voltaire,https://www.veryshortintroductions.com/view/10.1093/actrade/9780199688357.001.0001/actrade-9780199688357?rskey=wsfR7g&result=616
War and Technology,https://www.veryshortintroductions.com/view/10.1093/actrade/9780190605384.001.0001/actrade-9780190605384?rskey=wsfR7g&result=617
Water,https://www.veryshortintroductions.com/view/10.1093/actrade/9780198708728.001.0001/actrade-9780198708728?rskey=wsfR7g&result=618
Waves,https://www.veryshortintroductions.com/view/10.1093/actrade/9780198803782.001.0001/actrade-9780198803782?rskey=wsfR7g&result=619
Weather,https://www.veryshortintroductions.com/view/10.1093/actrade/9780199571314.001.0001/actrade-9780199571314?rskey=wsfR7g&result=620
The Welfare State,https://www.veryshortintroductions.com/view/10.1093/actrade/9780199672660.001.0001/actrade-9780199672660?rskey=wsfR7g&result=621
William Shakespeare,https://www.veryshortintroductions.com/view/10.1093/actrade/9780198718628.001.0001/actrade-9780198718628?rskey=wsfR7g&result=622
Witchcraft,https://www.veryshortintroductions.com/view/10.1093/actrade/9780199236954.001.0001/actrade-9780199236954?rskey=wsfR7g&result=623
Wittgenstein,https://www.veryshortintroductions.com/view/10.1093/actrade/9780192854117.001.0001/actrade-9780192854117?rskey=wsfR7g&result=624
Work,https://www.veryshortintroductions.com/view/10.1093/actrade/9780199699360.001.0001/actrade-9780199699360?rskey=wsfR7g&result=625
World Music,https://www.veryshortintroductions.com/view/10.1093/actrade/9780192854292.001.0001/actrade-9780192854292?rskey=wsfR7g&result=626
The World Trade Organization,https://www.veryshortintroductions.com/view/10.1093/actrade/9780192806086.001.0001/actrade-9780192806086?rskey=wsfR7g&result=627
World War II,https://www.veryshortintroductions.com/view/10.1093/actrade/9780199688777.001.0001/actrade-9780199688777?rskey=wsfR7g&result=628
Writing and Script,https://www.veryshortintroductions.com/view/10.1093/actrade/9780199567782.001.0001/actrade-9780199567782?rskey=wsfR7g&result=629
Zionism,https://www.veryshortintroductions.com/view/10.1093/actrade/9780199766048.001.0001/actrade-9780199766048?rskey=wsfR7g&result=630
