1066: The Year That Changed Everything,https://www.thegreatcourses.com/courses/1066-the-year-that-changed-everything.html
12 Essential Scientific Concepts,https://www.thegreatcourses.com/courses/12-essential-scientific-concepts.html
20th-Century American Fiction,https://www.thegreatcourses.com/courses/20th-century-american-fiction.html
30 Masterpieces of the Ancient World,https://www.thegreatcourses.com/courses/30-masterpieces-of-the-ancient-world.html
36 Books That Changed the World,https://www.thegreatcourses.com/courses/36-books-that-changed-the-world.html
36 Revolutionary Figures of History,https://www.thegreatcourses.com/courses/36-revolutionary-figures-of-history.html
A Brief History of the World,https://www.thegreatcourses.com/courses/a-brief-history-of-the-world.html
A Day's Read,https://www.thegreatcourses.com/courses/a-day-s-read.html
A History of European Art,https://www.thegreatcourses.com/courses/a-history-of-european-art.html
A New History of Life,https://www.thegreatcourses.com/courses/a-new-history-of-life.html
Abraham Lincoln: In His Own Words,https://www.thegreatcourses.com/courses/abraham-lincoln-in-his-own-words.html
Advanced Investments,https://www.thegreatcourses.com/courses/advanced-investments.html
Aeneid of Virgil,https://www.thegreatcourses.com/courses/aeneid-of-virgil.html
African Experience: From Lucy to Mandela,https://www.thegreatcourses.com/courses/african-experience-from-quot-lucy-quot-to-mandela.html
After the New Testament: The Writings of the Apostolic Fathers,https://www.thegreatcourses.com/courses/after-the-new-testament-the-writings-of-the-apostolic-fathers.html
Age of Henry VIII,https://www.thegreatcourses.com/courses/age-of-henry-viii.html
Age of Pericles,https://www.thegreatcourses.com/courses/age-of-pericles.html
"Albert Einstein: Physicist, Philosopher, Humanitarian",https://www.thegreatcourses.com/courses/albert-einstein-physicist-philosopher-humanitarian.html
Alexander the Great and the Hellenistic Age,https://www.thegreatcourses.com/courses/alexander-the-great-and-the-hellenistic-age.html
Alexander the Great and the Macedonian Empire,https://www.thegreatcourses.com/courses/alexander-the-great-and-the-macedonian-empire.html
Algebra I,https://www.thegreatcourses.com/courses/algebra-i.html
Algebra II,https://www.thegreatcourses.com/courses/algebra-ii.html
America and the New Global Economy,https://www.thegreatcourses.com/courses/america-and-the-new-global-economy.html
America and the World: A Diplomatic History,https://www.thegreatcourses.com/courses/america-and-the-world-a-diplomatic-history.html
American Civil War,https://www.thegreatcourses.com/courses/american-civil-war.html
American Ideals:  Founding a Republic of Virtue,https://www.thegreatcourses.com/courses/american-ideals-founding-a-quot-republic-of-virtue-quot.html
American Identity,https://www.thegreatcourses.com/courses/american-identity.html
American Mind,https://www.thegreatcourses.com/courses/american-mind.html
American Religious History,https://www.thegreatcourses.com/courses/american-religious-history.html
American Revolution,https://www.thegreatcourses.com/courses/american-revolution.html
Americas in the Revolutionary Era,https://www.thegreatcourses.com/courses/americas-in-the-revolutionary-era.html
Analysis and Critique: How to Engage and Write about Anything,https://www.thegreatcourses.com/courses/analysis-and-critique-how-to-engage-and-write-about-anything.html
Ancient Empires before Alexander,https://www.thegreatcourses.com/courses/ancient-empires-before-alexander.html
Ancient Greek Civilization,https://www.thegreatcourses.com/courses/ancient-greek-civilization.html
Apocalypse: Controversies and Meaning in Western History,https://www.thegreatcourses.com/courses/apocalypse-controversies-and-meaning-in-western-history.html
Apostle Paul,https://www.thegreatcourses.com/courses/apostle-paul.html
"Argumentation: The Study of Effective Reasoning, 2nd Edition",https://www.thegreatcourses.com/courses/argumentation-the-study-of-effective-reasoning-2nd-edition.html
Art across the Ages,https://www.thegreatcourses.com/courses/art-across-the-ages.html
Art and Craft of Mathematical Problem Solving,https://www.thegreatcourses.com/courses/art-and-craft-of-mathematical-problem-solving.html
"Art of Conflict Management: Achieving Solutions for Life, Work, and Beyond",https://www.thegreatcourses.com/courses/art-of-conflict-management-achieving-solutions-for-life-work-and-beyond.html
Art of Critical Decision Making,https://www.thegreatcourses.com/courses/art-of-critical-decision-making.html
Art of Public Speaking: Lessons from the Greatest Speeches in History,https://www.thegreatcourses.com/courses/art-of-public-speaking-lessons-from-the-greatest-speeches-in-history.html
Art of Reading,https://www.thegreatcourses.com/courses/art-of-reading.html
Art of Teaching: Best Practices from a Master Educator,https://www.thegreatcourses.com/courses/art-of-teaching-best-practices-from-a-master-educator.html
Art of the Northern Renaissance,https://www.thegreatcourses.com/courses/art-of-the-northern-renaissance.html
Augustine: Philosopher and Saint,https://www.thegreatcourses.com/courses/augustine-philosopher-and-saint.html
Bach and the High Baroque,https://www.thegreatcourses.com/courses/bach-and-the-high-baroque.html
Beethoven's Piano Sonatas,https://www.thegreatcourses.com/courses/beethoven-s-piano-sonatas.html
Before 1776: Life in the American Colonies,https://www.thegreatcourses.com/courses/before-1776-life-in-the-american-colonies.html
Beginnings of Judaism,https://www.thegreatcourses.com/courses/beginnings-of-judaism.html
Behavioral Economics: When Psychology and Economics Collide,https://www.thegreatcourses.com/courses/behavioral-economics-when-psychology-and-economics-collide.html
Being Human: Life Lessons from the Frontiers of Science,https://www.thegreatcourses.com/courses/being-human-life-lessons-from-the-frontiers-of-science.html
Between Cross and Crescent: Jewish Civilization from Mohammed to Spinoza,https://www.thegreatcourses.com/courses/between-cross-and-crescent-jewish-civilization-from-mohammed-to-spinoza.html
Between the Rivers: The History of Ancient Mesopotamia,https://www.thegreatcourses.com/courses/between-the-rivers-the-history-of-ancient-mesopotamia.html
Biblical Wisdom Literature,https://www.thegreatcourses.com/courses/biblical-wisdom-literature.html
Big Data: How Data Analytics Is Transforming the World,https://www.thegreatcourses.com/courses/big-data-how-data-analytics-is-transforming-the-world.html
"Big History: The Big Bang, Life on Earth, and the Rise of Humanity",https://www.thegreatcourses.com/courses/big-history-the-big-bang-life-on-earth-and-the-rise-of-humanity.html
Biological Anthropology: An Evolutionary Perspective,https://www.thegreatcourses.com/courses/biological-anthropology-an-evolutionary-perspective.html
"Biology and Human Behavior: The Neurological Origins of Individuality, 2nd Edition",https://www.thegreatcourses.com/courses/biology-and-human-behavior-the-neurological-origins-of-individuality-2nd-edition.html
Biology: The Science of Life,https://www.thegreatcourses.com/courses/biology-the-science-of-life.html
Birth of the Modern Mind: The Intellectual History of the 17th and 18th Centuries,https://www.thegreatcourses.com/courses/birth-of-the-modern-mind-the-intellectual-history-of-the-17th-and-18th-centuries.html
Black Holes Explained,https://www.thegreatcourses.com/courses/black-holes-explained.html
"Black Holes, Tides, and Curved Spacetime: Understanding Gravity",https://www.thegreatcourses.com/courses/black-holes-tides-and-curved-spacetime-understanding-gravity.html
Book of Genesis,https://www.thegreatcourses.com/courses/book-of-genesis.html
Books That Have Made History:  Books That Can Change Your Life,https://www.thegreatcourses.com/courses/books-that-have-made-history-books-that-can-change-your-life.html
Buddhism,https://www.thegreatcourses.com/courses/buddhism.html
Building Great Sentences: Exploring the Writer's Craft,https://www.thegreatcourses.com/courses/building-great-sentences-exploring-the-writer-s-craft.html
Business Law: Contracts,https://www.thegreatcourses.com/courses/business-law-contracts.html
Business Law: Negligence and Torts,https://www.thegreatcourses.com/courses/business-law-negligence-and-torts.html
Chamber Music of Mozart,https://www.thegreatcourses.com/courses/chamber-music-of-mozart.html
"Change and Motion: Calculus Made Clear, 2nd Edition",https://www.thegreatcourses.com/courses/change-and-motion-calculus-made-clear-2nd-edition.html
Chaos,https://www.thegreatcourses.com/courses/chaos.html
"Chemistry, 2nd Edition",https://www.thegreatcourses.com/courses/high-school-level-chemistry-2nd-edition.html
"China, India, and the United States: The Future of Economic Supremacy",https://www.thegreatcourses.com/courses/china-india-and-the-united-states-the-future-of-economic-supremacy.html
Churchill,https://www.thegreatcourses.com/courses/churchill.html
Cities of the Ancient World,https://www.thegreatcourses.com/courses/cities-of-the-ancient-world.html
Civil Liberties and the Bill of Rights,https://www.thegreatcourses.com/courses/civil-liberties-and-the-bill-of-rights.html
Classic Novels: Meeting the Challenge of Great Literature,https://www.thegreatcourses.com/courses/classic-novels-meeting-the-challenge-of-great-literature.html
Classical Archaeology of Ancient Greece and Rome,https://www.thegreatcourses.com/courses/classical-archaeology-of-ancient-greece-and-rome.html
Classical Mythology,https://www.thegreatcourses.com/courses/classical-mythology.html
Classics of American Literature,https://www.thegreatcourses.com/courses/classics-of-american-literature.html
Classics of British Literature,https://www.thegreatcourses.com/courses/classics-of-british-literature.html
Classics of Russian Literature,https://www.thegreatcourses.com/courses/classics-of-russian-literature.html
Comparative Religion,https://www.thegreatcourses.com/courses/comparative-religion.html
Concert Masterworks,https://www.thegreatcourses.com/courses/concert-masterworks.html
"Confucius, Buddha, Jesus, and Muhammad",https://www.thegreatcourses.com/courses/confucius-buddha-jesus-and-muhammad.html
Conquest of the Americas,https://www.thegreatcourses.com/courses/conquest-of-the-americas.html
Consciousness and Its Implications,https://www.thegreatcourses.com/courses/consciousness-and-its-implications.html
Cosmology: The History and Nature of Our Universe,https://www.thegreatcourses.com/courses/cosmology-the-history-and-nature-of-our-universe.html
Cultural Literacy for Religion: Everything the Well-Educated Person Should Know,https://www.thegreatcourses.com/courses/cultural-literacy-for-religion-everything-the-well-educated-person-should-know.html
"Customs of the World: Using Cultural Intelligence to Adapt, Wherever You Are",https://www.thegreatcourses.com/courses/customs-of-the-world-using-cultural-intelligence-to-adapt-wherever-you-are.html
Cycles of American Political Thought,https://www.thegreatcourses.com/courses/cycles-of-american-political-thought.html
Dante's Divine Comedy,https://www.thegreatcourses.com/courses/dante-s-divine-comedy.html
"Dark Matter, Dark Energy: The Dark Side of the Universe",https://www.thegreatcourses.com/courses/dark-matter-dark-energy-the-dark-side-of-the-universe.html
Darwinian Revolution,https://www.thegreatcourses.com/courses/darwinian-revolution.html
Dead Sea Scrolls,https://www.thegreatcourses.com/courses/dead-sea-scrolls.html
Development of European Civilization,https://www.thegreatcourses.com/courses/development-of-european-civilization.html
Discovering Your Roots: An Introduction to Genealogy,https://www.thegreatcourses.com/courses/discovering-your-roots-an-introduction-to-genealogy.html
Discrete Mathematics,https://www.thegreatcourses.com/courses/discrete-mathematics.html
Doctors: The History of Scientific Medicine Revealed Through Biography,https://www.thegreatcourses.com/courses/doctors-the-history-of-scientific-medicine-revealed-through-biography.html
Dutch Masters: The Age of Rembrandt,https://www.thegreatcourses.com/courses/dutch-masters-the-age-of-rembrandt.html
Early Christianity: The Experience of the Divine,https://www.thegreatcourses.com/courses/early-christianity-the-experience-of-the-divine.html
Early Middle Ages,https://www.thegreatcourses.com/courses/early-middle-ages.html
Earth at the Crossroads: Understanding the Ecology of a Changing Planet,https://www.thegreatcourses.com/courses/earth-at-the-crossroads-understanding-the-ecology-of-a-changing-planet.html
Earth's Changing Climate,https://www.thegreatcourses.com/courses/earth-s-changing-climate.html
"Economics, 3rd Edition",https://www.thegreatcourses.com/courses/economics-3rd-edition.html
Effective Communication Skills,https://www.thegreatcourses.com/courses/effective-communication-skills.html
"Einstein's Relativity and the Quantum Revolution: Modern Physics for Non-Scientists, 2nd Edition",https://www.thegreatcourses.com/courses/einstein-s-relativity-and-the-quantum-revolution-modern-physics-for-non-scientists-2nd-edition.html
Elements of Jazz: From Cakewalks to Fusion,https://www.thegreatcourses.com/courses/elements-of-jazz-from-cakewalks-to-fusion.html
"Emerson, Thoreau, and the Transcendentalist Movement",https://www.thegreatcourses.com/courses/emerson-thoreau-and-the-transcendentalist-movement.html
Emperors of Rome,https://www.thegreatcourses.com/courses/emperors-of-rome.html
Enlightenment Invention of the Modern Self,https://www.thegreatcourses.com/courses/enlightenment-invention-of-the-modern-self.html
Era of the Crusades,https://www.thegreatcourses.com/courses/era-of-the-crusades.html
Espionage and Covert Operations: A Global History,https://www.thegreatcourses.com/courses/espionage-and-covert-operations-a-global-history.html
Essentials of Strength Training,https://www.thegreatcourses.com/courses/essentials-of-strength-training.html
Ethics of Aristotle,https://www.thegreatcourses.com/courses/ethics-of-aristotle.html
Europe and Western Civilization in the Modern Age,https://www.thegreatcourses.com/courses/europe-and-western-civilization-in-the-modern-age.html
European History and European Lives: 1715 to 1914,https://www.thegreatcourses.com/courses/european-history-and-european-lives-1715-to-1914.html
European Thought and Culture in the 19th Century,https://www.thegreatcourses.com/courses/european-thought-and-culture-in-the-19th-century.html
European Thought and Culture in the 20th Century,https://www.thegreatcourses.com/courses/european-thought-and-culture-in-the-20th-century.html
Experiencing America: A Smithsonian Tour through History,https://www.thegreatcourses.com/courses/experiencing-america-a-smithsonian-tour-through-history.html
Experiencing Hubble: Understanding the Greatest Images of the Universe,https://www.thegreatcourses.com/courses/experiencing-hubble-understanding-the-greatest-images-of-the-universe.html
Experiencing Rome: A Visual Exploration of Antiquity's Greatest Empire,https://www.thegreatcourses.com/courses/experiencing-rome-a-visual-exploration-of-antiquity-s-greatest-empire.html
Explaining Social Deviance,https://www.thegreatcourses.com/courses/explaining-social-deviance.html
Exploring Metaphysics,https://www.thegreatcourses.com/courses/exploring-metaphysics.html
Exploring the Roots of Religion,https://www.thegreatcourses.com/courses/exploring-the-roots-of-religion.html
Fall and Rise of China,https://www.thegreatcourses.com/courses/fall-and-rise-of-china.html
Fall of the Pagans and the Origins of Medieval Christianity,https://www.thegreatcourses.com/courses/fall-of-the-pagans-and-the-origins-of-medieval-christianity.html
Famous Greeks,https://www.thegreatcourses.com/courses/famous-greeks.html
Famous Romans,https://www.thegreatcourses.com/courses/famous-romans.html
Financial Literacy: Finding Your Way in the Financial Markets,https://www.thegreatcourses.com/courses/financial-literacy-finding-your-way-in-the-financial-markets.html
Food: A Cultural Culinary History,https://www.thegreatcourses.com/courses/food-a-cultural-culinary-history.html
Foundations of Eastern Civilization,https://www.thegreatcourses.com/courses/foundations-of-eastern-civilization.html
Foundations of Economic Prosperity,https://www.thegreatcourses.com/courses/foundations-of-economic-prosperity.html
Foundations of Organic Chemistry,https://www.thegreatcourses.com/courses/foundations-of-organic-chemistry.html
Foundations of Western Civilization,https://www.thegreatcourses.com/courses/foundations-of-western-civilization.html
Foundations of Western Civilization II: A History of the Modern Western World,https://www.thegreatcourses.com/courses/foundations-of-western-civilization-ii-a-history-of-the-modern-western-world.html
Francis of Assisi,https://www.thegreatcourses.com/courses/francis-of-assisi.html
Freedom: The Philosophy of Liberation,https://www.thegreatcourses.com/courses/freedom-the-philosophy-of-liberation.html
From Jesus to Constantine: A History of Early Christianity,https://www.thegreatcourses.com/courses/from-jesus-to-constantine-a-history-of-early-christianity.html
From Monet to Van Gogh: A History of Impressionism,https://www.thegreatcourses.com/courses/from-monet-to-van-gogh-a-history-of-impressionism.html
From Plato to Post-modernism: Understanding the Essence of Literature and the Role of the Author,https://www.thegreatcourses.com/courses/from-plato-to-post-modernism-understanding-the-essence-of-literature-and-the-role-of-the-author.html
From Yao to Mao: 5000 Years of Chinese History,https://www.thegreatcourses.com/courses/from-yao-to-mao-5000-years-of-chinese-history.html
Fundamentals of Photography,https://www.thegreatcourses.com/courses/fundamentals-of-photography.html
"Games People Play: Game Theory in Life, Business, and Beyond",https://www.thegreatcourses.com/courses/games-people-play-game-theory-in-life-business-and-beyond.html
Genius of Michelangelo,https://www.thegreatcourses.com/courses/genius-of-michelangelo.html
Geometry: An Interactive Journey to Mastery,https://www.thegreatcourses.com/courses/geometry-an-interactive-journey-to-mastery.html
God and Mankind: Comparative Religions,https://www.thegreatcourses.com/courses/god-and-mankind-comparative-religions.html
Great American Bestsellers: The Books That Shaped America,https://www.thegreatcourses.com/courses/great-american-bestsellers-the-books-that-shaped-america.html
Great American Music: Broadway Musicals,https://www.thegreatcourses.com/courses/great-american-music-broadway-musicals.html
Great Ancient Civilizations of Asia Minor,https://www.thegreatcourses.com/courses/great-ancient-civilizations-of-asia-minor.html
Great Artists of the Italian Renaissance,https://www.thegreatcourses.com/courses/great-artists-of-the-italian-renaissance.html
"Great Authors of the Western Literary Tradition, 2nd Edition",https://www.thegreatcourses.com/courses/great-authors-of-the-western-literary-tradition-2nd-edition.html
Great Battles of the Ancient World,https://www.thegreatcourses.com/courses/great-battles-of-the-ancient-world.html
Great Debate: Advocates and Opponents of the American Constitution,https://www.thegreatcourses.com/courses/great-debate-advocates-and-opponents-of-the-american-constitution.html
Great Figures of the New Testament,https://www.thegreatcourses.com/courses/great-figures-of-the-new-testament.html
Great Ideas of Classical Physics,https://www.thegreatcourses.com/courses/great-ideas-of-classical-physics.html
"Great Ideas of Philosophy, 2nd Edition",https://www.thegreatcourses.com/courses/great-ideas-of-philosophy-2nd-edition.html
Great Ideas of Psychology,https://www.thegreatcourses.com/courses/great-ideas-of-psychology.html
Great Masters: Beethoven-His Life and Music,https://www.thegreatcourses.com/courses/great-masters-beethoven-his-life-and-music.html
Great Masters: Brahms-His Life and Music,https://www.thegreatcourses.com/courses/great-masters-brahms-his-life-and-music.html
Great Masters: Haydn-His Life and Music,https://www.thegreatcourses.com/courses/great-masters-haydn-his-life-and-music.html
Great Masters: Liszt-His Life and Music,https://www.thegreatcourses.com/courses/great-masters-liszt-his-life-and-music.html
Great Masters: Mahler-His Life and Music,https://www.thegreatcourses.com/courses/great-masters-mahler-his-life-and-music.html
Great Masters: Mozart-His Life and Music,https://www.thegreatcourses.com/courses/great-masters-mozart-his-life-and-music.html
Great Masters: Robert and Clara Schumann-Their Lives and Music,https://www.thegreatcourses.com/courses/great-masters-robert-and-clara-schumann-their-lives-and-music.html
Great Masters: Shostakovich-His Life and Music,https://www.thegreatcourses.com/courses/great-masters-shostakovich-his-life-and-music.html
Great Masters: Stravinsky-His Life and Music,https://www.thegreatcourses.com/courses/great-masters-stravinsky-his-life-and-music.html
Great Masters: Tchaikovsky-His Life and Music,https://www.thegreatcourses.com/courses/great-masters-tchaikovsky-his-life-and-music.html
Great Minds of the Eastern Intellectual Tradition,https://www.thegreatcourses.com/courses/great-minds-of-the-eastern-intellectual-tradition.html
Great Minds of the Medieval World,https://www.thegreatcourses.com/courses/great-minds-of-the-medieval-world.html
"Great Minds of the Western Intellectual Tradition, 3rd Edition",https://www.thegreatcourses.com/courses/great-minds-of-the-western-intellectual-tradition-3rd-edition.html
Great Pharaohs of Ancient Egypt,https://www.thegreatcourses.com/courses/great-pharaohs-of-ancient-egypt.html
Great Philosophical Debates: Free Will and Determinism,https://www.thegreatcourses.com/courses/great-philosophical-debates-free-will-and-determinism.html
Great Presidents,https://www.thegreatcourses.com/courses/great-presidents.html
Great Scientific Ideas That Changed the World,https://www.thegreatcourses.com/courses/great-scientific-ideas-that-changed-the-world.html
"Great Thinkers, Great Theorems",https://www.thegreatcourses.com/courses/great-thinkers-great-theorems.html
"Great Tours: Greece and Turkey, from Athens to Istanbul",https://www.thegreatcourses.com/courses/great-tours-greece-and-turkey-from-athens-to-istanbul.html
Great World Religions: Buddhism,https://www.thegreatcourses.com/courses/great-world-religions-buddhism.html
Great World Religions: Christianity,https://www.thegreatcourses.com/courses/great-world-religions-christianity.html
Great World Religions: Hinduism,https://www.thegreatcourses.com/courses/great-world-religions-hinduism.html
Great World Religions: Islam,https://www.thegreatcourses.com/courses/great-world-religions-islam.html
Great World Religions: Judaism,https://www.thegreatcourses.com/courses/great-world-religions-judaism.html
Greece and Rome: An Integrated History of the Ancient Mediterranean,https://www.thegreatcourses.com/courses/greece-and-rome-an-integrated-history-of-the-ancient-mediterranean.html
Greek and Persian Wars,https://www.thegreatcourses.com/courses/greek-and-persian-wars.html
Greek Legacy: Classical Origins of the Modern World,https://www.thegreatcourses.com/courses/greek-legacy-classical-origins-of-the-modern-world.html
Greek Tragedy,https://www.thegreatcourses.com/courses/greek-tragedy.html
Herodotus: The Father of History,https://www.thegreatcourses.com/courses/herodotus-the-father-of-history.html
Heroes and Legends: The Most Influential Characters of Literature,https://www.thegreatcourses.com/courses/heroes-and-legends-the-most-influential-characters-of-literature.html
High Middle Ages,https://www.thegreatcourses.com/courses/high-middle-ages.html
High School Level-Early American History: Native Americans through the Forty-Niners,https://www.thegreatcourses.com/courses/high-school-level-early-american-history-native-americans-through-the-forty-niners.html
High School Level-Geometry,https://www.thegreatcourses.com/courses/high-school-level-geometry.html
High School Level-World History: The Fertile Crescent to The American Revolution,https://www.thegreatcourses.com/courses/high-school-level-world-history-the-fertile-crescent-to-the-american-revolution.html
Historical Jesus,https://www.thegreatcourses.com/courses/historical-jesus.html
History of Ancient Egypt,https://www.thegreatcourses.com/courses/history-of-ancient-egypt.html
History of Ancient Rome,https://www.thegreatcourses.com/courses/history-of-ancient-rome.html
History of Christian Theology,https://www.thegreatcourses.com/courses/history-of-christian-theology.html
History of Christianity in the Reformation Era,https://www.thegreatcourses.com/courses/history-of-christianity-in-the-reformation-era.html
History of England from the Tudors to the Stuarts,https://www.thegreatcourses.com/courses/history-of-england-from-the-tudors-to-the-stuarts.html
History of Freedom,https://www.thegreatcourses.com/courses/history-of-freedom.html
"History of Hitler's Empire, 2nd Edition",https://www.thegreatcourses.com/courses/history-of-hitler-s-empire-2nd-edition.html
History of Russia: From Peter the Great to Gorbachev,https://www.thegreatcourses.com/courses/history-of-russia-from-peter-the-great-to-gorbachev.html
History of Science: 1700-1900,https://www.thegreatcourses.com/courses/history-of-science-1700-1900.html
History of Science: Antiquity to 1700,https://www.thegreatcourses.com/courses/history-of-science-antiquity-to-1700.html
History of the Ancient World: A Global Perspective,https://www.thegreatcourses.com/courses/history-of-the-ancient-world-a-global-perspective.html
History of the Bible: The Making of the New Testament Canon,https://www.thegreatcourses.com/courses/history-of-the-bible-the-making-of-the-new-testament-canon.html
"History of the English Language, 2nd Edition",https://www.thegreatcourses.com/courses/history-of-the-english-language-2nd-edition.html
History of the Supreme Court,https://www.thegreatcourses.com/courses/history-of-the-supreme-court.html
History of the U.S. Economy in the 20th Century,https://www.thegreatcourses.com/courses/history-of-the-u-s-economy-in-the-20th-century.html
"History of the United States, 2nd Edition",https://www.thegreatcourses.com/courses/history-of-the-united-states-2nd-edition.html
History of World Literature,https://www.thegreatcourses.com/courses/history-of-world-literature.html
Holy Land Revealed,https://www.thegreatcourses.com/courses/holy-land-revealed.html
How Colors Affect You: What Science Reveals,https://www.thegreatcourses.com/courses/how-colors-affect-you-what-science-reveals.html
How Conversation Works: 6 Lessons for Better Communication,https://www.thegreatcourses.com/courses/how-conversation-works-6-lessons-for-better-communication.html
How Ideas Spread,https://www.thegreatcourses.com/courses/how-ideas-spread.html
How Jesus Became God,https://www.thegreatcourses.com/courses/how-jesus-became-god.html
How Music and Mathematics Relate,https://www.thegreatcourses.com/courses/how-music-and-mathematics-relate.html
How the Crusades Changed History,https://www.thegreatcourses.com/courses/how-the-crusades-changed-history.html
How the Earth Works,https://www.thegreatcourses.com/courses/how-the-earth-works.html
How the Stock Market Works,https://www.thegreatcourses.com/courses/how-the-stock-market-works.html
"How to Become a SuperStar Student, 2nd Edition",https://www.thegreatcourses.com/courses/how-to-become-a-superstar-student-2nd-edition.html
How to Grow Anything: Container Gardening Tips & Techniques,https://www.thegreatcourses.com/courses/how-to-grow-anything-container-gardening-tips-and-techniques.html
How to Grow Anything: Your Best Garden and Landscape in 6 Lessons,https://www.thegreatcourses.com/courses/how-to-grow-anything-your-best-garden-and-landscape-in-6-lessons.html
"How to Listen to and Understand Great Music, 3rd Edition",https://www.thegreatcourses.com/courses/how-to-listen-to-and-understand-great-music-3rd-edition.html
How to Listen to and Understand Opera,https://www.thegreatcourses.com/courses/how-to-listen-to-and-understand-opera.html
How to Look at and Understand Great Art,https://www.thegreatcourses.com/courses/how-to-look-at-and-understand-great-art.html
How to Read and Understand Shakespeare,https://www.thegreatcourses.com/courses/how-to-read-and-understand-shakespeare.html
How to Stay Fit as You Age,https://www.thegreatcourses.com/courses/how-to-stay-fit-as-you-age.html
How We Learn,https://www.thegreatcourses.com/courses/how-we-learn.html
Human Prehistory and the First Civilizations,https://www.thegreatcourses.com/courses/human-prehistory-and-the-first-civilizations.html
Iliad of Homer,https://www.thegreatcourses.com/courses/iliad-of-homer.html
Impossible: Physics beyond the Edge,https://www.thegreatcourses.com/courses/impossible-physics-beyond-the-edge.html
Influence: Mastering Life's Most Powerful Skill,https://www.thegreatcourses.com/courses/influence-mastering-life-s-most-powerful-skill.html
Interpreting the 20th Century: The Struggle Over Democracy,https://www.thegreatcourses.com/courses/interpreting-the-20th-century-the-struggle-over-democracy.html
Introduction to Greek Philosophy,https://www.thegreatcourses.com/courses/introduction-to-greek-philosophy.html
Introduction to Judaism,https://www.thegreatcourses.com/courses/introduction-to-judaism.html
Introduction to Nanotechnology: The New Science of Small,https://www.thegreatcourses.com/courses/introduction-to-nanotechnology-the-new-science-of-small.html
Introduction to Number Theory,https://www.thegreatcourses.com/courses/introduction-to-number-theory.html
Introduction to the Study of Religion,https://www.thegreatcourses.com/courses/introduction-to-the-study-of-religion.html
Italian Renaissance,https://www.thegreatcourses.com/courses/italian-renaissance.html
Italians Before Italy: Conflict and Competition in the Mediterranean,https://www.thegreatcourses.com/courses/italians-before-italy-conflict-and-competition-in-the-mediterranean.html
Jesus and the Gospels,https://www.thegreatcourses.com/courses/jesus-and-the-gospels.html
Jewish Intellectual History: 16th to 20th Century,https://www.thegreatcourses.com/courses/jewish-intellectual-history-16th-to-20th-century.html
Joy of Mathematics,https://www.thegreatcourses.com/courses/joy-of-mathematics.html
Joy of Science,https://www.thegreatcourses.com/courses/joy-of-science.html
Joy of Thinking: The Beauty and Power of Classical Mathematical Ideas,https://www.thegreatcourses.com/courses/joy-of-thinking-the-beauty-and-power-of-classical-mathematical-ideas.html
Joyce's Ulysses,https://www.thegreatcourses.com/courses/joyce-s-ulysses.html
Language A to Z,https://www.thegreatcourses.com/courses/language-a-to-z.html
Late Antiquity: Crisis and Transformation,https://www.thegreatcourses.com/courses/late-antiquity-crisis-and-transformation.html
Late Middle Ages,https://www.thegreatcourses.com/courses/late-middle-ages.html
Latin 101: Learning a Classical Language,https://www.thegreatcourses.com/courses/latin-101-learning-a-classical-language.html
Legacies of Great Economists,https://www.thegreatcourses.com/courses/legacies-of-great-economists.html
Leonardo da Vinci and the Italian High Renaissance,https://www.thegreatcourses.com/courses/leonardo-da-vinci-and-the-italian-high-renaissance.html
Life and Operas of Verdi,https://www.thegreatcourses.com/courses/life-and-operas-of-verdi.html
Life and Work of Mark Twain,https://www.thegreatcourses.com/courses/life-and-work-of-mark-twain.html
Life and Writings of C. S. Lewis,https://www.thegreatcourses.com/courses/life-and-writings-of-c-s-lewis.html
Life and Writings of Geoffrey Chaucer,https://www.thegreatcourses.com/courses/life-and-writings-of-geoffrey-chaucer.html
Life and Writings of John Milton,https://www.thegreatcourses.com/courses/life-and-writings-of-john-milton.html
Life in Our Universe,https://www.thegreatcourses.com/courses/life-in-our-universe.html
Life Lessons from the Great Books,https://www.thegreatcourses.com/courses/life-lessons-from-the-great-books.html
Life Lessons from the Great Myths,https://www.thegreatcourses.com/courses/life-lessons-from-the-great-myths.html
Lifelong Health: Achieving Optimum Well-Being at Any Age,https://www.thegreatcourses.com/courses/lifelong-health-achieving-optimum-well-being-at-any-age.html
Literary Modernism: The Struggle for Modern History,https://www.thegreatcourses.com/courses/literary-modernism-the-struggle-for-modern-history.html
Lives and Works of the English Romantic Poets,https://www.thegreatcourses.com/courses/lives-and-works-of-the-english-romantic-poets.html
Lives of Great Christians,https://www.thegreatcourses.com/courses/lives-of-great-christians.html
Living the French Revolution and the Age of Napoleon,https://www.thegreatcourses.com/courses/living-the-french-revolution-and-the-age-of-napoleon.html
London: A Short History of the Greatest City in the Western World,https://www.thegreatcourses.com/courses/london-a-short-history-of-the-greatest-city-in-the-western-world.html
Long 19th Century:  European History from 1789 to 1917,https://www.thegreatcourses.com/courses/long-19th-century-european-history-from-1789-to-1917.html
Long Shadow of the Ancient Greek World,https://www.thegreatcourses.com/courses/long-shadow-of-the-ancient-greek-world.html
Lost Christianities: Christian Scriptures and the Battles over Authentication,https://www.thegreatcourses.com/courses/lost-christianities-christian-scriptures-and-the-battles-over-authentication.html
Lost Worlds of South America,https://www.thegreatcourses.com/courses/lost-worlds-of-south-america.html
"Luther: Gospel, Law, and Reformation",https://www.thegreatcourses.com/courses/luther-gospel-law-and-reformation.html
Machiavelli in Context,https://www.thegreatcourses.com/courses/machiavelli-in-context.html
Major Transitions in Evolution,https://www.thegreatcourses.com/courses/major-transitions-in-evolution.html
Making History: How Great Historians Interpret the Past,https://www.thegreatcourses.com/courses/making-history-how-great-historians-interpret-the-past.html
Mastering Differential Equations: The Visual Method,https://www.thegreatcourses.com/courses/mastering-differential-equations-the-visual-method.html
Mastering the Fundamentals of Mathematics,https://www.thegreatcourses.com/courses/mastering-the-fundamentals-of-mathematics.html
Masterpieces of Ancient Greek Literature,https://www.thegreatcourses.com/courses/masterpieces-of-ancient-greek-literature.html
Masterpieces of Short Fiction,https://www.thegreatcourses.com/courses/masterpieces-of-short-fiction.html
Masterpieces of the Imaginative Mind: Literature's Most Fantastic Works,https://www.thegreatcourses.com/courses/masterpieces-of-the-imaginative-mind-literature-s-most-fantastic-works.html
"Masters of Greek Thought: Plato, Socrates, and Aristotle",https://www.thegreatcourses.com/courses/masters-of-greek-thought-plato-socrates-and-aristotle.html
Masters of War: History's Greatest Strategic Thinkers,https://www.thegreatcourses.com/courses/masters-of-war-history-s-greatest-strategic-thinkers.html
Masterworks of American Art,https://www.thegreatcourses.com/courses/masterworks-of-american-art.html
Masterworks of Early 20th-Century Literature,https://www.thegreatcourses.com/courses/masterworks-of-early-20th-century-literature.html
Mathematics Describing the Real World: Precalculus and Trigonometry,https://www.thegreatcourses.com/courses/mathematics-describing-the-real-world-precalculus-and-trigonometry.html
Mathematics from the Visual World,https://www.thegreatcourses.com/courses/mathematics-from-the-visual-world.html
"Mathematics, Philosophy, and the Real World",https://www.thegreatcourses.com/courses/mathematics-philosophy-and-the-real-world.html
Meaning from Data: Statistics Made Clear,https://www.thegreatcourses.com/courses/meaning-from-data-statistics-made-clear.html
Meaning of Life: Perspectives from the World's Great Intellectual Traditions,https://www.thegreatcourses.com/courses/meaning-of-life-perspectives-from-the-world-s-great-intellectual-traditions.html
"Medical Myths, Lies, and Half-Truths: What We Think We Know May Be Hurting Us",https://www.thegreatcourses.com/courses/medical-myths-lies-and-half-truths-what-we-think-we-know-may-be-hurting-us.html
Medical School for Everyone: Grand Rounds Cases,https://www.thegreatcourses.com/courses/medical-school-for-everyone-grand-rounds-cases.html
Medieval Europe: Crisis and Renewal,https://www.thegreatcourses.com/courses/medieval-europe-crisis-and-renewal.html
Medieval Heroines in History and Legend,https://www.thegreatcourses.com/courses/medieval-heroines-in-history-and-legend.html
Medieval World,https://www.thegreatcourses.com/courses/medieval-world.html
Memory and the Human Lifespan,https://www.thegreatcourses.com/courses/memory-and-the-human-lifespan.html
Meteorology: An Introduction to the Wonders of the Weather,https://www.thegreatcourses.com/courses/meteorology-an-introduction-to-the-wonders-of-the-weather.html
Mind-Body Medicine: The New Science of Optimal Health,https://www.thegreatcourses.com/courses/mind-body-medicine-the-new-science-of-optimal-health.html
Modern British Drama,https://www.thegreatcourses.com/courses/modern-british-drama.html
Modern Economic Issues,https://www.thegreatcourses.com/courses/modern-economic-issues.html
Modern Intellectual Tradition: From Descartes to Derrida,https://www.thegreatcourses.com/courses/modern-intellectual-tradition-from-descartes-to-derrida.html
Money and Banking: What Everyone Should Know,https://www.thegreatcourses.com/courses/money-and-banking-what-everyone-should-know.html
Moral Decision Making: How to Approach Everyday Ethics,https://www.thegreatcourses.com/courses/moral-decision-making-how-to-approach-everyday-ethics.html
Mr. Lincoln: The Life of Abraham Lincoln,https://www.thegreatcourses.com/courses/mr-lincoln-the-life-of-abraham-lincoln.html
Museum Masterpieces: The Louvre,https://www.thegreatcourses.com/courses/museum-masterpieces-the-louvre.html
Museum Masterpieces: The Metropolitan Museum of Art,https://www.thegreatcourses.com/courses/museum-masterpieces-the-metropolitan-museum-of-art.html
"Museum Masterpieces: The National Gallery, London",https://www.thegreatcourses.com/courses/museum-masterpieces-the-national-gallery-london.html
Music of Richard Wagner,https://www.thegreatcourses.com/courses/music-of-richard-wagner.html
Must History Repeat the Great Conflicts of This Century?,https://www.thegreatcourses.com/courses/must-history-repeat-the-great-conflicts-of-this-century.html
My Favorite Universe,https://www.thegreatcourses.com/courses/my-favorite-universe.html
Mysteries of Modern Physics: Time,https://www.thegreatcourses.com/courses/mysteries-of-modern-physics-time.html
Mysteries of the Microscopic World,https://www.thegreatcourses.com/courses/mysteries-of-the-microscopic-world.html
"Mystical Tradition: Judaism, Christianity, and Islam",https://www.thegreatcourses.com/courses/mystical-tradition-judaism-christianity-and-islam.html
Myth in Human History,https://www.thegreatcourses.com/courses/myth-in-human-history.html
"Myths, Lies, and Half-Truths of Language Usage",https://www.thegreatcourses.com/courses/myths-lies-and-half-truths-of-language-usage.html
Natural Law and Human Nature,https://www.thegreatcourses.com/courses/natural-law-and-human-nature.html
Nature of Earth: An Introduction to Geology,https://www.thegreatcourses.com/courses/nature-of-earth-an-introduction-to-geology.html
Negotiating the Best Deal,https://www.thegreatcourses.com/courses/negotiating-the-best-deal.html
Neuroscience of Everyday Life,https://www.thegreatcourses.com/courses/neuroscience-of-everyday-life.html
New Frontiers: Modern Perspectives on Our Solar System,https://www.thegreatcourses.com/courses/new-frontiers-modern-perspectives-on-our-solar-system.html
New Testament,https://www.thegreatcourses.com/courses/new-testament.html
No Excuses: Existentialism and the Meaning of Life,https://www.thegreatcourses.com/courses/no-excuses-existentialism-and-the-meaning-of-life.html
Nutrition Made Clear,https://www.thegreatcourses.com/courses/nutrition-made-clear.html
Oceanography: Exploring Earth's Final Wilderness,https://www.thegreatcourses.com/courses/oceanography-exploring-earth-s-final-wilderness.html
Odyssey of Homer,https://www.thegreatcourses.com/courses/odyssey-of-homer.html
Old Testament,https://www.thegreatcourses.com/courses/old-testament.html
Operas of Mozart,https://www.thegreatcourses.com/courses/operas-of-mozart.html
Optimizing Brain Fitness,https://www.thegreatcourses.com/courses/optimizing-brain-fitness.html
Origin of Civilization,https://www.thegreatcourses.com/courses/origin-of-civilization.html
Origins and Ideologies of the American Revolution,https://www.thegreatcourses.com/courses/origins-and-ideologies-of-the-american-revolution.html
Origins of Great Ancient Civilizations,https://www.thegreatcourses.com/courses/origins-of-great-ancient-civilizations.html
Origins of Life,https://www.thegreatcourses.com/courses/origins-of-life.html
Origins of the Human Mind,https://www.thegreatcourses.com/courses/origins-of-the-human-mind.html
"Other 1492: Ferdinand, Isabella, and the Making of an Empire",https://www.thegreatcourses.com/courses/other-1492-ferdinand-isabella-and-the-making-of-an-empire.html
Our Night Sky,https://www.thegreatcourses.com/courses/our-night-sky.html
Particle Physics for Non-Physicists: A Tour of the Microcosmos,https://www.thegreatcourses.com/courses/particle-physics-for-non-physicists-a-tour-of-the-microcosmos.html
Passions: Philosophy and the Intelligence of Emotions,https://www.thegreatcourses.com/courses/passions-philosophy-and-the-intelligence-of-emotions.html
Peloponnesian War,https://www.thegreatcourses.com/courses/peloponnesian-war.html
Peoples and Cultures of the World,https://www.thegreatcourses.com/courses/peoples-and-cultures-of-the-world.html
Philosophy and Religion in the West,https://www.thegreatcourses.com/courses/philosophy-and-religion-in-the-west.html
Philosophy as a Guide to Living,https://www.thegreatcourses.com/courses/philosophy-as-a-guide-to-living.html
"Philosophy of Mind: Brains, Consciousness, and Thinking Machines",https://www.thegreatcourses.com/courses/philosophy-of-mind-brains-consciousness-and-thinking-machines.html
Philosophy of Religion,https://www.thegreatcourses.com/courses/philosophy-of-religion.html
Philosophy of Science,https://www.thegreatcourses.com/courses/philosophy-of-science.html
"Philosophy, Religion, and the Meaning of Life",https://www.thegreatcourses.com/courses/philosophy-religion-and-the-meaning-of-life.html
Physics and Our Universe: How It All Works,https://www.thegreatcourses.com/courses/physics-and-our-universe-how-it-all-works.html
Physics in Your Life,https://www.thegreatcourses.com/courses/physics-in-your-life.html
Physics of History,https://www.thegreatcourses.com/courses/physics-of-history.html
Physiology and Fitness,https://www.thegreatcourses.com/courses/physiology-and-fitness.html
Plato's Republic,https://www.thegreatcourses.com/courses/plato-s-republic.html
"Plato, Socrates, and the Dialogues",https://www.thegreatcourses.com/courses/plato-socrates-and-the-dialogues.html
Pompeii: Daily Life in an Ancient Roman City,https://www.thegreatcourses.com/courses/pompeii-daily-life-in-an-ancient-roman-city.html
Popes and the Papacy: A History,https://www.thegreatcourses.com/courses/popes-and-the-papacy-a-history.html
Power of Mathematical Thinking: From Newton's Laws to Elections and the Economy,https://www.thegreatcourses.com/courses/power-of-mathematical-thinking-from-newton-s-laws-to-elections-and-the-economy.html
Power over People: Classical and Modern Political Theory,https://www.thegreatcourses.com/courses/power-over-people-classical-and-modern-political-theory.html
Practical Philosophy: The Greco-Roman Moralists,https://www.thegreatcourses.com/courses/practical-philosophy-the-greco-roman-moralists.html
Practicing Mindfulness: An Introduction to Meditation,https://www.thegreatcourses.com/courses/practicing-mindfulness-an-introduction-to-meditation.html
"Privacy, Property, and Free Speech: Law and the Constitution",https://www.thegreatcourses.com/courses/privacy-property-and-free-speech-law-and-the-constitution.html
Prove It: The Art of Mathematical Argument,https://www.thegreatcourses.com/courses/prove-it-the-art-of-mathematical-argument.html
Psychology of Human Behavior,https://www.thegreatcourses.com/courses/psychology-of-human-behavior.html
Quantum Mechanics: The Physics of the Microscopic World,https://www.thegreatcourses.com/courses/quantum-mechanics-the-physics-of-the-microscopic-world.html
Queen of the Sciences: A History of Mathematics,https://www.thegreatcourses.com/courses/queen-of-the-sciences-a-history-of-mathematics.html
"Quest for Meaning: Values, Ethics, and the Modern Experience",https://www.thegreatcourses.com/courses/quest-for-meaning-values-ethics-and-the-modern-experience.html
Questions of Value,https://www.thegreatcourses.com/courses/questions-of-value.html
Reason & Faith: Philosophy in the Middle Ages,https://www.thegreatcourses.com/courses/reason-faith-philosophy-in-the-middle-ages.html
Religion in the Ancient Mediterranean World,https://www.thegreatcourses.com/courses/religion-in-the-ancient-mediterranean-world.html
Religions of the Axial Age: An Approach to the World's Religions,https://www.thegreatcourses.com/courses/religions-of-the-axial-age-an-approach-to-the-world-s-religions.html
"Renaissance, the Reformation, and the Rise of Nations",https://www.thegreatcourses.com/courses/renaissance-the-reformation-and-the-rise-of-nations.html
Representing Justice: Stories of Law and Literature,https://www.thegreatcourses.com/courses/representing-justice-stories-of-law-and-literature.html
Rights of Man: Great Thinkers and Great Movements,https://www.thegreatcourses.com/courses/rights-of-man-great-thinkers-and-great-movements.html
Rise and Fall of Soviet Communism: A History of 20th-Century Russia,https://www.thegreatcourses.com/courses/rise-and-fall-of-soviet-communism-a-history-of-20th-century-russia.html
Rise and Fall of the British Empire,https://www.thegreatcourses.com/courses/rise-and-fall-of-the-british-empire.html
Rise of Humans: Great Scientific Debates,https://www.thegreatcourses.com/courses/the-rise-of-humans-great-scientific-debates.html
Robert E. Lee and His High Command,https://www.thegreatcourses.com/courses/robert-e-lee-and-his-high-command.html
Rome and the Barbarians,https://www.thegreatcourses.com/courses/rome-and-the-barbarians.html
Roots of Human Behavior,https://www.thegreatcourses.com/courses/roots-of-human-behavior.html
Sacred Texts of the World,https://www.thegreatcourses.com/courses/sacred-texts-of-the-world.html
Science and Religion,https://www.thegreatcourses.com/courses/science-and-religion.html
Science in the 20th Century: A Social-Intellectual Survey,https://www.thegreatcourses.com/courses/science-in-the-20th-century-a-social-intellectual-survey.html
Science of Self,https://www.thegreatcourses.com/courses/science-of-self.html
Science Wars: What Scientists Know and How They Know It,https://www.thegreatcourses.com/courses/science-wars-what-scientists-know-and-how-they-know-it.html
Scientific Secrets for a Powerful Memory,https://www.thegreatcourses.com/courses/scientific-secrets-for-a-powerful-memory.html
Scientific Secrets for Raising Kids Who Thrive,https://www.thegreatcourses.com/courses/scientific-secrets-for-raising-kids-who-thrive.html
Scientific Secrets for Self-Control,https://www.thegreatcourses.com/courses/scientific-secrets-for-self-control.html
Secrets of Mental Math,https://www.thegreatcourses.com/courses/secrets-of-mental-math.html
Secrets of Sleep Science: From Dreams to Disorders,https://www.thegreatcourses.com/courses/secrets-of-sleep-science-from-dreams-to-disorders.html
"Sensation, Perception, and the Aging Process",https://www.thegreatcourses.com/courses/sensation-perception-and-the-aging-process.html
Shakespeare's Tragedies,https://www.thegreatcourses.com/courses/shakespeare-s-tragedies.html
"Shakespeare: Comedies, Histories, and Tragedies",https://www.thegreatcourses.com/courses/shakespeare-comedies-histories-and-tragedies.html
Shakespeare: The Word and the Action,https://www.thegreatcourses.com/courses/shakespeare-the-word-and-the-action.html
Shape of Nature,https://www.thegreatcourses.com/courses/shape-of-nature.html
Skepticism 101: How to Think like a Scientist,https://www.thegreatcourses.com/courses/skepticism-101-how-to-think-like-a-scientist.html
Skeptics and Believers: Religious Debate in the Western Intellectual Tradition,https://www.thegreatcourses.com/courses/skeptics-and-believers-religious-debate-in-the-western-intellectual-tradition.html
Skywatching: Seeing and Understanding Cosmic Wonders,https://www.thegreatcourses.com/courses/skywatching-seeing-and-understanding-cosmic-wonders.html
Special Collection - 36 Big Ideas,https://www.thegreatcourses.com/courses/36-mind-blowing-concepts.html
Special Collection - The Joy of Ancient History,https://www.thegreatcourses.com/courses/the-joy-of-ancient-history.html
St. Augustine's Confessions,https://www.thegreatcourses.com/courses/st-augustine-s-confessions.html
Story of Human Language,https://www.thegreatcourses.com/courses/story-of-human-language.html
Story of Medieval England: From King Arthur to the Tudor Conquest,https://www.thegreatcourses.com/courses/story-of-medieval-england-from-king-arthur-to-the-tudor-conquest.html
Story of the Bible,https://www.thegreatcourses.com/courses/story-of-the-bible.html
Strategic Thinking Skills,https://www.thegreatcourses.com/courses/strategic-thinking-skills.html
Stress and Your Body,https://www.thegreatcourses.com/courses/stress-and-your-body.html
String Quartets of Beethoven,https://www.thegreatcourses.com/courses/string-quartets-of-beethoven.html
Superstring Theory: The DNA of Reality,https://www.thegreatcourses.com/courses/superstring-theory-the-dna-of-reality.html
Symphonies of Beethoven,https://www.thegreatcourses.com/courses/symphonies-of-beethoven.html
Teaching Your Child Emotional Skills for a Lifetime,https://www.thegreatcourses.com/courses/teaching-your-child-emotional-skills-for-a-lifetime.html
"Terror of History: Mystics, Heretics, and Witches in the Western Tradition",https://www.thegreatcourses.com/courses/terror-of-history-mystics-heretics-and-witches-in-the-western-tradition.html
The 23 Greatest Solo Piano Works,https://www.thegreatcourses.com/courses/the-23-greatest-solo-piano-works.html
The 30 Greatest Orchestral Works,https://www.thegreatcourses.com/courses/the-30-greatest-orchestral-works.html
The Art of Storytelling: From Parents to Professionals,https://www.thegreatcourses.com/courses/the-art-of-storytelling-from-parents-to-professionals.html
The Art of Travel Photography: Six Expert Lessons,https://www.thegreatcourses.com/courses/the-art-of-travel-photography-six-expert-lessons.html
The Art of War,https://www.thegreatcourses.com/courses/the-art-of-war.html
The Barbarian Empires of the Steppes,https://www.thegreatcourses.com/courses/the-barbarian-empires-of-the-steppes.html
The Cathedral,https://www.thegreatcourses.com/courses/the-cathedral.html
The Catholic Church: A History,https://www.thegreatcourses.com/courses/the-catholic-church-a-history.html
The Concerto,https://www.thegreatcourses.com/courses/the-concerto.html
The Conservative Tradition,https://www.thegreatcourses.com/courses/conservative-tradition.html
The Creative Thinker's Toolkit,https://www.thegreatcourses.com/courses/the-creative-thinker-s-toolkit.html
The Decisive Battles of World History,https://www.thegreatcourses.com/courses/the-decisive-battles-of-world-history.html
The English Novel,https://www.thegreatcourses.com/courses/the-english-novel.html
The Entrepreneur's Toolkit,https://www.thegreatcourses.com/courses/the-entrepreneur-s-toolkit.html
The Everyday Gourmet: Baking Pastries and Desserts,https://www.thegreatcourses.com/courses/the-everyday-gourmet-baking-pastries-and-desserts.html
The Everyday Gourmet: Essential Secrets of Spices in Cooking,https://www.thegreatcourses.com/courses/the-everyday-gourmet-essential-secrets-of-spices-in-cooking.html
The Everyday Gourmet: Making Great Meals in Less Time,https://www.thegreatcourses.com/courses/the-everyday-gourmet-making-great-meals-in-less-time.html
The Everyday Gourmet: Making Healthy Food Taste Great,https://www.thegreatcourses.com/courses/the-everyday-gourmet-making-healthy-food-taste-great.html
The Everyday Gourmet: Rediscovering the Lost Art of Cooking,https://www.thegreatcourses.com/courses/the-everyday-gourmet-rediscovering-the-lost-art-of-cooking.html
The Everyday Guide to Spirits and Cocktails: Tastes and Traditions,https://www.thegreatcourses.com/courses/the-everyday-guide-to-spirits-and-cocktails-tastes-and-traditions.html
The Everyday Guide to Wine,https://www.thegreatcourses.com/courses/the-everyday-guide-to-wine.html
The Everyday Guide to Wines of California,https://www.thegreatcourses.com/courses/the-everyday-guide-to-wines-of-california.html
The Everyday Guide to Wines of France,https://www.thegreatcourses.com/courses/the-everyday-guide-to-wines-of-france.html
The Everyday Guide to Wines of Italy,https://www.thegreatcourses.com/courses/the-everyday-guide-to-wines-of-italy.html
The First Amendment and You: What Everyone Should Know,https://www.thegreatcourses.com/courses/the-first-amendment-and-you-what-everyone-should-know.html
The Great Tours: Experiencing Medieval Europe,https://www.thegreatcourses.com/courses/the-great-tours-experiencing-medieval-europe.html
The Greatest Controversies of Early Christian History,https://www.thegreatcourses.com/courses/the-greatest-controversies-of-christian-history.html
The History of Christianity: From the Disciples to the Dawn of the Reformation,https://www.thegreatcourses.com/courses/the-history-of-christianity-from-the-disciples-to-the-dawn-of-the-reformation.html
"The Human Body: How We Fail, How We Heal",https://www.thegreatcourses.com/courses/the-human-body-how-we-fail-how-we-heal.html
The Industrial Revolution,https://www.thegreatcourses.com/courses/the-industrial-revolution.html
The Inexplicable Universe: Unsolved Mysteries,https://www.thegreatcourses.com/courses/the-inexplicable-universe-unsolved-mysteries.html
The Intelligent Brain,https://www.thegreatcourses.com/courses/the-intelligent-brain.html
The Life and Death of Stars,https://www.thegreatcourses.com/courses/the-life-and-death-of-stars.html
The Mathematics of Games and Puzzles: From Cards to Sudoku,https://www.thegreatcourses.com/courses/the-mathematics-of-games-and-puzzles-from-cards-to-sudoku.html
The Modern Political Tradition: Hobbes to Habermas,https://www.thegreatcourses.com/courses/the-modern-political-tradition-hobbes-to-habermas.html
The Myths of Nutrition and Fitness,https://www.thegreatcourses.com/courses/the-myths-of-nutrition-and-fitness.html
The Origin and Evolution of Earth: From the Big Bang to the Future of Human Existence,https://www.thegreatcourses.com/courses/the-origin-and-evolution-of-earth-from-the-big-bang-to-the-future-of-human-existence.html
The Other Side of History: Daily Life in the Ancient World,https://www.thegreatcourses.com/courses/the-other-side-of-history-daily-life-in-the-ancient-world.html
The Persian Empire,https://www.thegreatcourses.com/courses/the-persian-empire.html
The Philosopher's Toolkit: How to Be the Most Rational Person in Any Room,https://www.thegreatcourses.com/courses/the-philosopher-s-toolkit-how-to-be-the-most-rational-person-in-any-room.html
The Positive Mind: Mindfulness and the Science of Happiness,https://www.thegreatcourses.com/courses/the-positive-mind-mindfulness-and-the-science-of-happiness.html
The Science of Natural Healing,https://www.thegreatcourses.com/courses/the-science-of-natural-healing.html
The Secret Life of Words: English Words and Their Origins,https://www.thegreatcourses.com/courses/the-secret-life-of-words-english-words-and-their-origins.html
The Skeptic's Guide to American History,https://www.thegreatcourses.com/courses/the-skeptic-s-guide-to-american-history.html
The Skeptic's Guide to the Great Books,https://www.thegreatcourses.com/courses/the-skeptic-s-guide-to-the-great-books.html
"The Soul and the City: Art, Literature, and Urban Living",https://www.thegreatcourses.com/courses/soul-and-the-city-art-literature-and-urban-living.html
The Spiritual Brain: Science and Religious Experience,https://www.thegreatcourses.com/courses/the-spiritual-brain-science-and-religious-experience.html
The Symphony,https://www.thegreatcourses.com/courses/the-symphony.html
The Western Literary Canon in Context,https://www.thegreatcourses.com/courses/western-literary-canon-in-context.html
The World of Biblical Israel,https://www.thegreatcourses.com/courses/the-world-of-biblical-israel.html
The World of Byzantium,https://www.thegreatcourses.com/courses/world-of-byzantium.html
The World Was Never the Same: Events That Changed History,https://www.thegreatcourses.com/courses/the-world-was-never-the-same-events-that-changed-history.html
The World's Greatest Geological Wonders: 36 Spectacular Sites,https://www.thegreatcourses.com/courses/the-world-s-greatest-geological-wonders-36-spectacular-sites.html
Theories of Human Development,https://www.thegreatcourses.com/courses/theories-of-human-development.html
Theory of Evolution: A History of Controversy,https://www.thegreatcourses.com/courses/theory-of-evolution-a-history-of-controversy.html
Thermodynamics: Four Laws That Move the Universe,https://www.thegreatcourses.com/courses/thermodynamics-four-laws-that-move-the-universe.html
Thinking about Capitalism,https://www.thegreatcourses.com/courses/thinking-about-capitalism.html
Thinking about Cybersecurity: From Cyber Crime to Cyber Warfare,https://www.thegreatcourses.com/courses/thinking-about-cybersecurity-from-cyber-crime-to-cyber-warfare.html
Thinking like an Economist: A Guide to Rational Decision Making,https://www.thegreatcourses.com/courses/thinking-like-an-economist-a-guide-to-rational-decision-making.html
Tocqueville and the American Experiment,https://www.thegreatcourses.com/courses/tocqueville-and-the-american-experiment.html
Tools of Thinking: Understanding the World Through Experience and Reason,https://www.thegreatcourses.com/courses/tools-of-thinking-understanding-the-world-through-experience-and-reason.html
Trails of Evidence: How Forensic Science Works,https://www.thegreatcourses.com/courses/trails-of-evidence-how-forensic-science-works.html
"Transformational Leadership: How Leaders Change Teams, Companies, and Organizations",https://www.thegreatcourses.com/courses/transformational-leadership-how-leaders-change-teams-companies-and-organizations.html
Turning Points in American History,https://www.thegreatcourses.com/courses/turning-points-in-american-history.html
Turning Points in Medieval History,https://www.thegreatcourses.com/courses/turning-points-in-medieval-history.html
Turning Points in Modern History,https://www.thegreatcourses.com/courses/turning-points-in-modern-history.html
"Understanding Calculus II: Problems, Solutions, and Tips",https://www.thegreatcourses.com/courses/understanding-calculus-ii-problems-solutions-and-tips.html
"Understanding Calculus: Problems, Solutions, and Tips",https://www.thegreatcourses.com/courses/understanding-calculus-problems-solutions-and-tips.html
Understanding Complexity,https://www.thegreatcourses.com/courses/understanding-complexity.html
"Understanding Genetics: DNA, Genes, and Their Real-World Applications",https://www.thegreatcourses.com/courses/understanding-genetics-dna-genes-and-their-real-world-applications.html
Understanding Greek and Roman Technology: From Catapult to the Pantheon,https://www.thegreatcourses.com/courses/understanding-greek-and-roman-technology-from-catapult-to-the-pantheon.html
Understanding Investments,https://www.thegreatcourses.com/courses/understanding-investments.html
Understanding Linguistics: The Science of Language,https://www.thegreatcourses.com/courses/understanding-linguistics-the-science-of-language.html
"Understanding Literature and Life: Drama, Poetry and Narrative",https://www.thegreatcourses.com/courses/understanding-literature-and-life-drama-poetry-and-narrative.html
Understanding Modern Electronics,https://www.thegreatcourses.com/courses/understanding-modern-electronics.html
"Understanding Multivariable Calculus: Problems, Solutions, and Tips",https://www.thegreatcourses.com/courses/understanding-multivariable-calculus-problems-solutions-and-tips.html
Understanding the Brain,https://www.thegreatcourses.com/courses/understanding-the-brain.html
Understanding the Fundamentals of Music,https://www.thegreatcourses.com/courses/understanding-the-fundamentals-of-music.html
Understanding the Human Body: An Introduction to Anatomy and Physiology,https://www.thegreatcourses.com/courses/understanding-the-human-body-an-introduction-to-anatomy-and-physiology.html
Understanding the Human Factor: Life and Its Impact,https://www.thegreatcourses.com/courses/understanding-the-human-factor-life-and-its-impact.html
Understanding the Inventions that Changed the World,https://www.thegreatcourses.com/courses/understanding-the-inventions-that-changed-the-world.html
Understanding the Mysteries of Human Behavior,https://www.thegreatcourses.com/courses/understanding-the-mysteries-of-human-behavior.html
Understanding the Science for Tomorrow: Myth and Reality,https://www.thegreatcourses.com/courses/understanding-the-science-for-tomorrow-myth-and-reality.html
Understanding the Secrets of Human Perception,https://www.thegreatcourses.com/courses/understanding-the-secrets-of-human-perception.html
"Understanding the Universe: An Introduction to Astronomy, 2nd Edition",https://www.thegreatcourses.com/courses/understanding-the-universe-an-introduction-to-astronomy-2nd-edition.html
Understanding the World's Greatest Structures: Science and Innovation from Antiquity to Modernity,https://www.thegreatcourses.com/courses/understanding-the-world-s-greatest-structures-science-and-innovation-from-antiquity-to-modernity.html
Unexpected Economics,https://www.thegreatcourses.com/courses/unexpected-economics.html
United States and the Middle East: 1914 to 9/11,https://www.thegreatcourses.com/courses/united-states-and-the-middle-east-1914-to-9-11.html
Utopia and Terror in the 20th Century,https://www.thegreatcourses.com/courses/utopia-and-terror-in-the-20th-century.html
Victorian Britain,https://www.thegreatcourses.com/courses/victorian-britain.html
Vikings,https://www.thegreatcourses.com/courses/vikings.html
Voltaire and the Triumph of the Enlightenment,https://www.thegreatcourses.com/courses/voltaire-and-the-triumph-of-the-enlightenment.html
War and World History,https://www.thegreatcourses.com/courses/war-and-world-history.html
"War, Peace, and Power: Diplomatic History of Europe, 1500-2000",https://www.thegreatcourses.com/courses/war-peace-and-power-diplomatic-history-of-europe-1500-2000.html
What Are the Chances? Probability Made Clear,https://www.thegreatcourses.com/courses/what-are-the-chances-probability-made-clear.html
What Science Knows about Cancer,https://www.thegreatcourses.com/courses/what-science-knows-about-cancer.html
Why Economies Rise or Fall,https://www.thegreatcourses.com/courses/why-economies-rise-or-fall.html
Why Evil Exists,https://www.thegreatcourses.com/courses/why-evil-exists.html
Will to Power: The Philosophy of Friedrich Nietzsche,https://www.thegreatcourses.com/courses/will-to-power-the-philosophy-of-friedrich-nietzsche.html
Wisdom of History,https://www.thegreatcourses.com/courses/wisdom-of-history.html
World War I: The Great War,https://www.thegreatcourses.com/courses/world-war-i-the-great-war.html
World War II: A Military and Social History,https://www.thegreatcourses.com/courses/world-war-ii-a-military-and-social-history.html
World's Greatest Paintings,https://www.thegreatcourses.com/courses/world-s-greatest-paintings.html
Writing and Civilization: From Ancient Worlds to Modernity,https://www.thegreatcourses.com/courses/writing-and-civilization-from-ancient-worlds-to-modernity.html
Writing Creative Nonfiction,https://www.thegreatcourses.com/courses/writing-creative-nonfiction.html
Yoga for a Healthy Mind and Body,https://www.thegreatcourses.com/courses/yoga-for-a-healthy-mind-and-body.html
Your Deceptive Mind: A Scientific Guide to Critical Thinking Skills,https://www.thegreatcourses.com/courses/your-deceptive-mind-a-scientific-guide-to-critical-thinking-skills.html
Zero to Infinity: A History of Numbers,https://www.thegreatcourses.com/courses/zero-to-infinity-a-history-of-numbers.html
